elapsed_host_seconds,touch_state,serial_message
0.418,0,No touch detected...
0.624,0,No touch detected...
0.624,0,No touch detected...
0.624,0,No touch detected...
0.624,0,No touch detected...
0.834,0,No touch detected...
0.834,0,No touch detected...
0.834,0,No touch detected...
0.834,0,No touch detected...
1.037,0,No touch detected...
1.037,0,No touch detected...
1.037,0,No touch detected...
1.038,0,No touch detected...
1.248,0,No touch detected...
1.248,0,No touch detected...
1.248,0,No touch detected...
1.248,0,No touch detected...
1.452,0,No touch detected...
1.452,0,No touch detected...
1.452,0,No touch detected...
1.452,0,No touch detected...
1.452,0,No touch detected...
1.652,0,No touch detected...
1.652,0,No touch detected...
1.652,0,No touch detected...
1.652,0,No touch detected...
1.852,0,No touch detected...
1.852,0,No touch detected...
1.852,0,No touch detected...
1.852,0,No touch detected...
2.052,0,No touch detected...
2.052,0,No touch detected...
2.052,0,No touch detected...
2.052,0,No touch detected...
2.253,0,No touch detected...
2.253,0,No touch detected...
2.253,0,No touch detected...
2.253,0,No touch detected...
2.453,0,No touch detected...
2.453,0,No touch detected...
2.453,0,No touch detected...
2.453,0,No touch detected...
2.653,0,No touch detected...
2.653,0,No touch detected...
2.654,0,No touch detected...
2.654,0,No touch detected...
2.855,0,No touch detected...
2.855,0,No touch detected...
2.855,0,No touch detected...
2.855,0,No touch detected...
3.055,0,No touch detected...
3.055,0,No touch detected...
3.055,0,No touch detected...
3.055,0,No touch detected...
3.257,0,No touch detected...
3.257,0,No touch detected...
3.257,0,No touch detected...
3.257,0,No touch detected...
3.459,0,No touch detected...
3.459,0,No touch detected...
3.459,0,No touch detected...
3.459,0,No touch detected...
3.662,0,No touch detected...
3.662,0,No touch detected...
3.663,0,No touch detected...
3.663,0,No touch detected...
3.868,0,No touch detected...
3.868,0,No touch detected...
3.868,0,No touch detected...
3.868,0,No touch detected...
4.077,0,No touch detected...
4.077,0,No touch detected...
4.077,0,No touch detected...
4.077,0,No touch detected...
4.285,0,No touch detected...
4.285,0,No touch detected...
4.285,0,No touch detected...
4.285,0,No touch detected...
4.489,0,No touch detected...
4.489,0,No touch detected...
4.489,0,No touch detected...
4.489,0,No touch detected...
4.700,0,No touch detected...
4.700,0,No touch detected...
4.700,0,No touch detected...
4.700,0,No touch detected...
4.902,0,No touch detected...
4.902,0,No touch detected...
4.902,0,No touch detected...
4.902,0,No touch detected...
4.902,0,No touch detected...
5.102,0,No touch detected...
5.102,0,No touch detected...
5.102,0,No touch detected...
5.102,0,No touch detected...
5.303,0,No touch detected...
5.303,0,No touch detected...
5.303,0,No touch detected...
5.303,0,No touch detected...
5.504,0,No touch detected...
5.504,0,No touch detected...
5.504,0,No touch detected...
5.504,0,No touch detected...
5.705,0,No touch detected...
5.705,0,No touch detected...
5.705,0,No touch detected...
5.705,0,No touch detected...
5.907,0,No touch detected...
5.907,0,No touch detected...
5.908,0,No touch detected...
5.908,0,No touch detected...
6.111,0,No touch detected...
6.111,0,No touch detected...
6.111,0,No touch detected...
6.111,0,No touch detected...
6.315,0,No touch detected...
6.315,0,No touch detected...
6.315,0,No touch detected...
6.315,0,No touch detected...
6.522,0,No touch detected...
6.522,0,No touch detected...
6.522,0,No touch detected...
6.522,0,No touch detected...
6.725,0,No touch detected...
6.725,0,No touch detected...
6.725,0,No touch detected...
6.725,0,No touch detected...
6.928,0,No touch detected...
6.928,0,No touch detected...
6.928,0,No touch detected...
6.928,0,No touch detected...
7.137,0,No touch detected...
7.137,0,No touch detected...
7.137,0,No touch detected...
7.138,0,No touch detected...
7.344,0,No touch detected...
7.344,0,No touch detected...
7.344,0,No touch detected...
7.344,0,No touch detected...
7.552,0,No touch detected...
7.552,0,No touch detected...
7.552,0,No touch detected...
7.552,0,No touch detected...
7.552,0,No touch detected...
7.752,0,No touch detected...
7.752,0,No touch detected...
7.752,0,No touch detected...
7.752,0,No touch detected...
7.952,0,No touch detected...
7.953,0,No touch detected...
7.953,0,No touch detected...
7.953,0,No touch detected...
8.153,0,No touch detected...
8.153,0,No touch detected...
8.153,0,No touch detected...
8.153,0,No touch detected...
8.354,0,No touch detected...
8.354,0,No touch detected...
8.354,0,No touch detected...
8.354,0,No touch detected...
8.555,0,No touch detected...
8.555,0,No touch detected...
8.555,0,No touch detected...
8.555,0,No touch detected...
8.757,0,No touch detected...
8.757,0,No touch detected...
8.757,0,No touch detected...
8.757,0,No touch detected...
8.959,0,No touch detected...
8.959,0,No touch detected...
8.959,0,No touch detected...
8.959,0,No touch detected...
9.160,0,No touch detected...
9.160,0,No touch detected...
9.160,0,No touch detected...
9.160,0,No touch detected...
9.364,0,No touch detected...
9.364,0,No touch detected...
9.364,0,No touch detected...
9.364,0,No touch detected...
9.571,0,No touch detected...
9.571,0,No touch detected...
9.571,0,No touch detected...
9.571,0,No touch detected...
9.774,0,No touch detected...
9.774,0,No touch detected...
9.774,0,No touch detected...
9.774,0,No touch detected...
9.975,0,No touch detected...
9.975,0,No touch detected...
9.975,0,No touch detected...
9.975,0,No touch detected...
10.185,0,No touch detected...
10.185,0,No touch detected...
10.185,0,No touch detected...
10.185,0,No touch detected...
10.395,0,No touch detected...
10.395,0,No touch detected...
10.395,0,No touch detected...
10.395,0,No touch detected...
10.602,0,No touch detected...
10.602,0,No touch detected...
10.602,0,No touch detected...
10.602,0,No touch detected...
10.602,0,No touch detected...
10.802,0,No touch detected...
10.802,0,No touch detected...
10.802,0,No touch detected...
10.802,0,No touch detected...
11.002,0,No touch detected...
11.002,0,No touch detected...
11.002,0,No touch detected...
11.002,0,No touch detected...
11.203,0,No touch detected...
11.203,0,No touch detected...
11.203,0,No touch detected...
11.203,0,No touch detected...
11.403,0,No touch detected...
11.403,0,No touch detected...
11.404,0,No touch detected...
11.404,0,No touch detected...
11.604,0,No touch detected...
11.604,0,No touch detected...
11.604,0,No touch detected...
11.604,0,No touch detected...
11.805,0,No touch detected...
11.806,0,No touch detected...
11.806,0,No touch detected...
11.806,0,No touch detected...
12.007,0,No touch detected...
12.007,0,No touch detected...
12.007,0,No touch detected...
12.007,0,No touch detected...
12.208,0,No touch detected...
12.208,0,No touch detected...
12.208,0,No touch detected...
12.208,0,No touch detected...
12.409,0,No touch detected...
12.410,0,No touch detected...
12.410,0,No touch detected...
12.410,0,No touch detected...
12.612,0,No touch detected...
12.612,0,No touch detected...
12.612,0,No touch detected...
12.612,0,No touch detected...
12.814,0,No touch detected...
12.814,0,No touch detected...
12.814,0,No touch detected...
12.814,0,No touch detected...
13.017,0,No touch detected...
13.017,0,No touch detected...
13.017,0,No touch detected...
13.017,0,No touch detected...
13.220,0,No touch detected...
13.220,0,No touch detected...
13.220,0,No touch detected...
13.220,0,No touch detected...
13.425,0,No touch detected...
13.425,0,No touch detected...
13.425,0,No touch detected...
13.425,0,No touch detected...
13.627,0,No touch detected...
13.627,0,No touch detected...
13.627,0,No touch detected...
13.627,0,No touch detected...
13.832,0,No touch detected...
13.832,0,No touch detected...
13.832,0,No touch detected...
13.832,0,No touch detected...
14.033,0,No touch detected...
14.033,0,No touch detected...
14.033,0,No touch detected...
14.033,0,No touch detected...
14.236,0,No touch detected...
14.236,0,No touch detected...
14.236,0,No touch detected...
14.236,0,No touch detected...
14.442,0,No touch detected...
14.442,0,No touch detected...
14.442,0,No touch detected...
14.442,0,No touch detected...
14.644,0,No touch detected...
14.644,0,No touch detected...
14.644,0,No touch detected...
14.644,0,No touch detected...
14.847,0,No touch detected...
14.847,0,No touch detected...
14.847,0,No touch detected...
14.847,0,No touch detected...
15.052,0,No touch detected...
15.052,0,No touch detected...
15.052,0,No touch detected...
15.052,0,No touch detected...
15.052,0,No touch detected...
15.252,0,No touch detected...
15.252,0,No touch detected...
15.252,0,No touch detected...
15.252,0,No touch detected...
15.453,0,No touch detected...
15.453,0,No touch detected...
15.453,0,No touch detected...
15.453,0,No touch detected...
15.653,0,No touch detected...
15.653,0,No touch detected...
15.653,0,No touch detected...
15.653,0,No touch detected...
15.854,0,No touch detected...
15.854,0,No touch detected...
15.854,0,No touch detected...
15.854,0,No touch detected...
16.055,0,No touch detected...
16.055,0,No touch detected...
16.055,0,No touch detected...
16.055,0,No touch detected...
16.255,0,No touch detected...
16.255,0,No touch detected...
16.255,0,No touch detected...
16.255,0,No touch detected...
16.457,0,No touch detected...
16.457,0,No touch detected...
16.457,0,No touch detected...
16.457,0,No touch detected...
16.658,0,No touch detected...
16.658,0,No touch detected...
16.658,0,No touch detected...
16.658,0,No touch detected...
16.859,0,No touch detected...
16.859,0,No touch detected...
16.859,0,No touch detected...
16.859,0,No touch detected...
17.061,0,No touch detected...
17.061,0,No touch detected...
17.061,0,No touch detected...
17.061,0,No touch detected...
17.262,0,No touch detected...
17.262,0,No touch detected...
17.262,0,No touch detected...
17.262,0,No touch detected...
17.463,0,No touch detected...
17.463,0,No touch detected...
17.463,0,No touch detected...
17.463,0,No touch detected...
17.666,0,No touch detected...
17.666,0,No touch detected...
17.666,0,No touch detected...
17.666,0,No touch detected...
17.868,0,No touch detected...
17.868,0,No touch detected...
17.868,0,No touch detected...
17.868,0,No touch detected...
18.070,0,No touch detected...
18.070,0,No touch detected...
18.070,0,No touch detected...
18.070,0,No touch detected...
18.275,0,No touch detected...
18.275,0,No touch detected...
18.275,0,No touch detected...
18.275,0,No touch detected...
18.480,0,No touch detected...
18.480,0,No touch detected...
18.480,0,No touch detected...
18.480,0,No touch detected...
18.682,0,No touch detected...
18.682,0,No touch detected...
18.682,0,No touch detected...
18.682,0,No touch detected...
18.883,0,No touch detected...
18.883,0,No touch detected...
18.883,0,No touch detected...
18.883,0,No touch detected...
19.088,0,No touch detected...
19.088,0,No touch detected...
19.088,0,No touch detected...
19.088,0,No touch detected...
19.293,0,No touch detected...
19.293,0,No touch detected...
19.293,0,No touch detected...
19.293,0,No touch detected...
19.498,0,No touch detected...
19.499,0,No touch detected...
19.499,0,No touch detected...
19.499,0,No touch detected...
19.699,0,No touch detected...
19.700,0,No touch detected...
19.700,0,No touch detected...
19.700,0,No touch detected...
19.900,0,No touch detected...
19.900,0,No touch detected...
19.900,0,No touch detected...
19.900,0,No touch detected...
20.102,0,No touch detected...
20.102,0,No touch detected...
20.102,0,No touch detected...
20.102,0,No touch detected...
20.102,0,No touch detected...
20.302,0,No touch detected...
20.302,0,No touch detected...
20.302,0,No touch detected...
20.302,0,No touch detected...
20.503,0,No touch detected...
20.503,0,No touch detected...
20.503,0,No touch detected...
20.503,0,No touch detected...
20.703,0,No touch detected...
20.703,0,No touch detected...
20.703,0,No touch detected...
20.703,0,No touch detected...
20.904,0,No touch detected...
20.904,0,No touch detected...
20.904,0,No touch detected...
20.904,0,No touch detected...
21.105,0,No touch detected...
21.105,0,No touch detected...
21.105,0,No touch detected...
21.105,0,No touch detected...
21.306,0,No touch detected...
21.306,0,No touch detected...
21.306,0,No touch detected...
21.306,0,No touch detected...
21.507,0,No touch detected...
21.507,0,No touch detected...
21.507,0,No touch detected...
21.507,0,No touch detected...
21.708,0,No touch detected...
21.708,0,No touch detected...
21.708,0,No touch detected...
21.708,0,No touch detected...
21.910,0,No touch detected...
21.910,0,No touch detected...
21.910,0,No touch detected...
21.910,0,No touch detected...
22.112,0,No touch detected...
22.112,0,No touch detected...
22.112,0,No touch detected...
22.112,0,No touch detected...
22.314,0,No touch detected...
22.314,0,No touch detected...
22.315,0,No touch detected...
22.315,0,No touch detected...
22.517,0,No touch detected...
22.517,0,No touch detected...
22.517,0,No touch detected...
22.517,0,No touch detected...
22.719,0,No touch detected...
22.720,0,No touch detected...
22.720,0,No touch detected...
22.720,0,No touch detected...
22.924,0,No touch detected...
22.924,0,No touch detected...
22.924,0,No touch detected...
22.924,0,No touch detected...
23.129,0,No touch detected...
23.129,0,No touch detected...
23.129,0,No touch detected...
23.129,0,No touch detected...
23.333,0,No touch detected...
23.333,0,No touch detected...
23.333,0,No touch detected...
23.333,0,No touch detected...
23.539,0,No touch detected...
23.539,0,No touch detected...
23.539,0,No touch detected...
23.539,0,No touch detected...
23.744,0,No touch detected...
23.744,0,No touch detected...
23.744,0,No touch detected...
23.744,0,No touch detected...
23.949,0,No touch detected...
23.949,0,No touch detected...
23.949,0,No touch detected...
23.949,0,No touch detected...
24.152,0,No touch detected...
24.152,0,No touch detected...
24.152,0,No touch detected...
24.152,0,No touch detected...
24.152,0,No touch detected...
24.352,0,No touch detected...
24.352,0,No touch detected...
24.352,0,No touch detected...
24.352,0,No touch detected...
24.553,0,No touch detected...
24.553,0,No touch detected...
24.553,0,No touch detected...
24.553,0,No touch detected...
24.753,0,No touch detected...
24.753,0,No touch detected...
24.753,0,No touch detected...
24.753,0,No touch detected...
24.954,0,No touch detected...
24.954,0,No touch detected...
24.954,0,No touch detected...
24.954,0,No touch detected...
25.155,0,No touch detected...
25.155,0,No touch detected...
25.155,0,No touch detected...
25.155,0,No touch detected...
25.356,0,No touch detected...
25.356,0,No touch detected...
25.356,0,No touch detected...
25.356,0,No touch detected...
25.557,0,No touch detected...
25.557,0,No touch detected...
25.557,0,No touch detected...
25.557,0,No touch detected...
25.757,0,No touch detected...
25.757,0,No touch detected...
25.757,0,No touch detected...
25.757,0,No touch detected...
25.958,0,No touch detected...
25.958,0,No touch detected...
25.958,0,No touch detected...
25.958,0,No touch detected...
26.160,0,No touch detected...
26.160,0,No touch detected...
26.160,0,No touch detected...
26.160,0,No touch detected...
26.362,0,No touch detected...
26.362,0,No touch detected...
26.362,0,No touch detected...
26.362,0,No touch detected...
26.564,0,No touch detected...
26.565,0,No touch detected...
26.565,0,No touch detected...
26.565,0,No touch detected...
26.768,0,No touch detected...
26.768,0,No touch detected...
26.768,0,No touch detected...
26.768,0,No touch detected...
26.972,0,No touch detected...
26.972,0,No touch detected...
26.972,0,No touch detected...
26.972,0,No touch detected...
27.178,0,No touch detected...
27.178,0,No touch detected...
27.178,0,No touch detected...
27.178,0,No touch detected...
27.383,0,No touch detected...
27.383,0,No touch detected...
27.383,0,No touch detected...
27.383,0,No touch detected...
27.584,0,No touch detected...
27.584,0,No touch detected...
27.584,0,No touch detected...
27.584,0,No touch detected...
27.789,0,No touch detected...
27.790,0,No touch detected...
27.790,0,No touch detected...
27.790,0,No touch detected...
27.991,0,No touch detected...
27.991,0,No touch detected...
27.991,0,No touch detected...
27.991,0,No touch detected...
28.196,0,No touch detected...
28.196,0,No touch detected...
28.196,0,No touch detected...
28.196,0,No touch detected...
28.399,0,No touch detected...
28.400,0,No touch detected...
28.400,0,No touch detected...
28.400,0,No touch detected...
28.602,0,No touch detected...
28.602,0,No touch detected...
28.602,0,No touch detected...
28.602,0,No touch detected...
28.602,0,No touch detected...
28.802,0,No touch detected...
28.803,0,No touch detected...
28.803,0,No touch detected...
28.803,0,No touch detected...
29.003,0,No touch detected...
29.003,0,No touch detected...
29.003,0,No touch detected...
29.003,0,No touch detected...
29.204,0,No touch detected...
29.204,0,No touch detected...
29.204,0,No touch detected...
29.204,0,No touch detected...
29.404,0,No touch detected...
29.404,0,No touch detected...
29.405,0,No touch detected...
29.405,0,No touch detected...
29.605,0,No touch detected...
29.605,0,No touch detected...
29.605,0,No touch detected...
29.605,0,No touch detected...
29.807,0,No touch detected...
29.807,0,No touch detected...
29.807,0,No touch detected...
29.807,0,No touch detected...
30.008,0,No touch detected...
30.008,0,No touch detected...
30.008,0,No touch detected...
30.008,0,No touch detected...
30.209,0,No touch detected...
30.209,0,No touch detected...
30.209,0,No touch detected...
30.209,0,No touch detected...
30.412,0,No touch detected...
30.412,0,No touch detected...
30.412,0,No touch detected...
30.412,0,No touch detected...
30.615,0,No touch detected...
30.615,0,No touch detected...
30.615,0,No touch detected...
30.615,0,No touch detected...
30.818,0,No touch detected...
30.818,0,No touch detected...
30.818,0,No touch detected...
30.818,0,No touch detected...
31.023,0,No touch detected...
31.023,0,No touch detected...
31.023,0,No touch detected...
31.023,0,No touch detected...
31.227,0,No touch detected...
31.227,0,No touch detected...
31.227,0,No touch detected...
31.227,0,No touch detected...
31.427,0,No touch detected...
31.427,0,No touch detected...
31.427,0,No touch detected...
31.427,0,No touch detected...
31.633,0,No touch detected...
31.633,0,No touch detected...
31.633,0,No touch detected...
31.633,0,No touch detected...
31.838,0,No touch detected...
31.838,0,No touch detected...
31.838,0,No touch detected...
31.838,0,No touch detected...
32.039,0,No touch detected...
32.039,0,No touch detected...
32.039,0,No touch detected...
32.039,0,No touch detected...
32.240,0,No touch detected...
32.240,0,No touch detected...
32.241,0,No touch detected...
32.241,0,No touch detected...
32.444,0,No touch detected...
32.444,0,No touch detected...
32.444,0,No touch detected...
32.444,0,No touch detected...
32.650,0,No touch detected...
32.650,0,No touch detected...
32.650,0,No touch detected...
32.650,0,No touch detected...
32.852,0,No touch detected...
32.852,0,No touch detected...
32.852,0,No touch detected...
32.852,0,No touch detected...
32.852,0,No touch detected...
33.052,0,No touch detected...
33.052,0,No touch detected...
33.052,0,No touch detected...
33.052,0,No touch detected...
33.252,0,No touch detected...
33.252,0,No touch detected...
33.252,0,No touch detected...
33.252,0,No touch detected...
33.453,0,No touch detected...
33.453,0,No touch detected...
33.453,0,No touch detected...
33.453,0,No touch detected...
33.653,0,No touch detected...
33.653,0,No touch detected...
33.653,0,No touch detected...
33.653,0,No touch detected...
33.854,0,No touch detected...
33.854,0,No touch detected...
33.854,0,No touch detected...
33.854,0,No touch detected...
34.055,0,No touch detected...
34.055,0,No touch detected...
34.055,0,No touch detected...
34.055,0,No touch detected...
34.255,0,No touch detected...
34.255,0,No touch detected...
34.255,0,No touch detected...
34.255,0,No touch detected...
34.456,0,No touch detected...
34.456,0,No touch detected...
34.456,0,No touch detected...
34.456,0,No touch detected...
34.658,0,No touch detected...
34.658,0,No touch detected...
34.658,0,No touch detected...
34.658,0,No touch detected...
34.858,0,No touch detected...
34.858,0,No touch detected...
34.858,0,No touch detected...
34.858,0,No touch detected...
35.060,0,No touch detected...
35.060,0,No touch detected...
35.060,0,No touch detected...
35.060,0,No touch detected...
35.263,0,No touch detected...
35.263,0,No touch detected...
35.263,0,No touch detected...
35.263,0,No touch detected...
35.466,0,No touch detected...
35.466,0,No touch detected...
35.466,0,No touch detected...
35.466,0,No touch detected...
35.670,0,No touch detected...
35.670,0,No touch detected...
35.670,0,No touch detected...
35.670,0,No touch detected...
35.870,0,No touch detected...
35.870,0,No touch detected...
35.870,0,No touch detected...
35.870,0,No touch detected...
36.075,0,No touch detected...
36.075,0,No touch detected...
36.075,0,No touch detected...
36.075,0,No touch detected...
36.280,0,No touch detected...
36.280,0,No touch detected...
36.280,0,No touch detected...
36.280,0,No touch detected...
36.482,0,No touch detected...
36.482,0,No touch detected...
36.482,0,No touch detected...
36.482,0,No touch detected...
36.688,0,No touch detected...
36.688,0,No touch detected...
36.688,0,No touch detected...
36.688,0,No touch detected...
36.891,0,No touch detected...
36.891,0,No touch detected...
36.891,0,No touch detected...
36.891,0,No touch detected...
37.096,0,No touch detected...
37.096,0,No touch detected...
37.097,0,No touch detected...
37.097,0,No touch detected...
37.300,0,No touch detected...
37.300,0,No touch detected...
37.300,0,No touch detected...
37.300,0,No touch detected...
37.502,0,No touch detected...
37.502,0,No touch detected...
37.502,0,No touch detected...
37.502,0,No touch detected...
37.502,0,No touch detected...
37.702,0,No touch detected...
37.702,0,No touch detected...
37.703,0,No touch detected...
37.703,0,No touch detected...
37.903,0,No touch detected...
37.903,0,No touch detected...
37.903,0,No touch detected...
37.903,0,No touch detected...
38.103,0,No touch detected...
38.103,0,No touch detected...
38.103,0,No touch detected...
38.103,0,No touch detected...
38.304,0,No touch detected...
38.304,0,No touch detected...
38.304,0,No touch detected...
38.304,0,No touch detected...
38.505,0,No touch detected...
38.505,0,No touch detected...
38.505,0,No touch detected...
38.505,0,No touch detected...
38.706,0,No touch detected...
38.706,0,No touch detected...
38.706,0,No touch detected...
38.706,0,No touch detected...
38.907,0,No touch detected...
38.908,0,No touch detected...
38.908,0,No touch detected...
38.908,0,No touch detected...
39.109,0,No touch detected...
39.109,0,No touch detected...
39.109,0,No touch detected...
39.109,0,No touch detected...
39.311,0,No touch detected...
39.311,0,No touch detected...
39.311,0,No touch detected...
39.311,0,No touch detected...
39.514,0,No touch detected...
39.514,0,No touch detected...
39.514,0,No touch detected...
39.514,0,No touch detected...
39.717,0,No touch detected...
39.717,0,No touch detected...
39.717,0,No touch detected...
39.717,0,No touch detected...
39.921,0,No touch detected...
39.921,0,No touch detected...
39.921,0,No touch detected...
39.921,0,No touch detected...
40.122,0,No touch detected...
40.122,0,No touch detected...
40.122,0,No touch detected...
40.122,0,No touch detected...
40.327,0,No touch detected...
40.327,0,No touch detected...
40.327,0,No touch detected...
40.328,0,No touch detected...
40.533,0,No touch detected...
40.533,0,No touch detected...
40.533,0,No touch detected...
40.533,0,No touch detected...
40.733,0,No touch detected...
40.733,0,No touch detected...
40.733,0,No touch detected...
40.733,0,No touch detected...
40.935,0,No touch detected...
40.935,0,No touch detected...
40.935,0,No touch detected...
40.935,0,No touch detected...
41.136,0,No touch detected...
41.136,0,No touch detected...
41.136,0,No touch detected...
41.136,0,No touch detected...
41.342,0,No touch detected...
41.342,0,No touch detected...
41.342,0,No touch detected...
41.342,0,No touch detected...
41.547,0,No touch detected...
41.547,0,No touch detected...
41.547,0,No touch detected...
41.547,0,No touch detected...
41.749,0,No touch detected...
41.749,0,No touch detected...
41.749,0,No touch detected...
41.749,0,No touch detected...
41.952,0,No touch detected...
41.952,0,No touch detected...
41.952,0,No touch detected...
41.952,0,No touch detected...
41.952,0,No touch detected...
42.152,0,No touch detected...
42.152,0,No touch detected...
42.152,0,No touch detected...
42.152,0,No touch detected...
42.353,0,No touch detected...
42.353,0,No touch detected...
42.353,0,No touch detected...
42.353,0,No touch detected...
42.553,0,No touch detected...
42.553,0,No touch detected...
42.553,0,No touch detected...
42.553,0,No touch detected...
42.754,0,No touch detected...
42.754,0,No touch detected...
42.754,0,No touch detected...
42.754,0,No touch detected...
42.955,0,No touch detected...
42.955,0,No touch detected...
42.955,0,No touch detected...
42.955,0,No touch detected...
43.156,0,No touch detected...
43.156,0,No touch detected...
43.156,0,No touch detected...
43.156,0,No touch detected...
43.357,0,No touch detected...
43.357,0,No touch detected...
43.357,0,No touch detected...
43.357,0,No touch detected...
43.558,0,No touch detected...
43.558,0,No touch detected...
43.558,0,No touch detected...
43.558,0,No touch detected...
43.760,0,No touch detected...
43.760,0,No touch detected...
43.760,0,No touch detected...
43.760,0,No touch detected...
43.962,0,No touch detected...
43.962,0,No touch detected...
43.962,0,No touch detected...
43.962,0,No touch detected...
44.165,0,No touch detected...
44.165,0,No touch detected...
44.165,0,No touch detected...
44.165,0,No touch detected...
44.366,0,No touch detected...
44.366,0,No touch detected...
44.366,0,No touch detected...
44.366,0,No touch detected...
44.568,0,No touch detected...
44.568,0,No touch detected...
44.568,0,No touch detected...
44.568,0,No touch detected...
44.769,0,No touch detected...
44.769,0,No touch detected...
44.769,0,No touch detected...
44.769,0,No touch detected...
44.973,0,No touch detected...
44.973,0,No touch detected...
44.973,0,No touch detected...
44.973,0,No touch detected...
45.177,0,No touch detected...
45.177,0,No touch detected...
45.177,0,No touch detected...
45.177,0,No touch detected...
45.382,0,No touch detected...
45.382,0,No touch detected...
45.382,0,No touch detected...
45.382,0,No touch detected...
45.588,0,No touch detected...
45.588,0,No touch detected...
45.588,0,No touch detected...
45.588,0,No touch detected...
45.793,0,No touch detected...
45.793,0,No touch detected...
45.793,0,No touch detected...
45.793,0,No touch detected...
45.999,0,No touch detected...
45.999,0,No touch detected...
45.999,0,No touch detected...
45.999,0,No touch detected...
46.202,0,No touch detected...
46.202,0,No touch detected...
46.202,0,No touch detected...
46.202,0,No touch detected...
46.202,0,No touch detected...
46.402,0,No touch detected...
46.402,0,No touch detected...
46.402,0,No touch detected...
46.402,0,No touch detected...
46.603,0,No touch detected...
46.603,0,No touch detected...
46.603,0,No touch detected...
46.603,0,No touch detected...
46.803,0,No touch detected...
46.803,0,No touch detected...
46.803,0,No touch detected...
46.803,0,No touch detected...
47.004,0,No touch detected...
47.004,0,No touch detected...
47.004,0,No touch detected...
47.004,0,No touch detected...
47.205,0,No touch detected...
47.205,0,No touch detected...
47.205,0,No touch detected...
47.205,0,No touch detected...
47.405,0,No touch detected...
47.405,0,No touch detected...
47.405,0,No touch detected...
47.405,0,No touch detected...
47.606,0,No touch detected...
47.606,0,No touch detected...
47.606,0,No touch detected...
47.606,0,No touch detected...
47.808,0,No touch detected...
47.808,0,No touch detected...
47.808,0,No touch detected...
47.808,0,No touch detected...
48.009,0,No touch detected...
48.009,0,No touch detected...
48.009,0,No touch detected...
48.009,0,No touch detected...
48.210,0,No touch detected...
48.211,0,No touch detected...
48.211,0,No touch detected...
48.211,0,No touch detected...
48.413,0,No touch detected...
48.413,0,No touch detected...
48.413,0,No touch detected...
48.413,0,No touch detected...
48.616,0,No touch detected...
48.616,0,No touch detected...
48.616,0,No touch detected...
48.616,0,No touch detected...
48.818,0,No touch detected...
48.818,0,No touch detected...
48.818,0,No touch detected...
48.818,0,No touch detected...
49.022,0,No touch detected...
49.022,0,No touch detected...
49.022,0,No touch detected...
49.022,0,No touch detected...
49.225,0,No touch detected...
49.225,0,No touch detected...
49.225,0,No touch detected...
49.225,0,No touch detected...
49.427,0,No touch detected...
49.427,0,No touch detected...
49.427,0,No touch detected...
49.427,0,No touch detected...
49.632,0,No touch detected...
49.632,0,No touch detected...
49.632,0,No touch detected...
49.632,0,No touch detected...
49.837,0,No touch detected...
49.837,0,No touch detected...
49.837,0,No touch detected...
49.837,0,No touch detected...
50.042,0,No touch detected...
50.042,0,No touch detected...
50.042,0,No touch detected...
50.042,0,No touch detected...
50.248,0,No touch detected...
50.248,0,No touch detected...
50.248,0,No touch detected...
50.248,0,No touch detected...
50.452,0,No touch detected...
50.452,0,No touch detected...
50.452,0,No touch detected...
50.452,0,No touch detected...
50.452,0,No touch detected...
50.652,0,No touch detected...
50.653,0,No touch detected...
50.653,0,No touch detected...
50.653,0,No touch detected...
50.853,0,No touch detected...
50.853,0,No touch detected...
50.853,0,No touch detected...
50.853,0,No touch detected...
51.054,0,No touch detected...
51.054,0,No touch detected...
51.054,0,No touch detected...
51.054,0,No touch detected...
51.254,0,No touch detected...
51.254,0,No touch detected...
51.254,0,No touch detected...
51.254,0,No touch detected...
51.455,0,No touch detected...
51.455,0,No touch detected...
51.455,0,No touch detected...
51.455,0,No touch detected...
51.656,0,No touch detected...
51.656,0,No touch detected...
51.656,0,No touch detected...
51.656,0,No touch detected...
51.858,0,No touch detected...
51.858,0,No touch detected...
51.858,0,No touch detected...
51.858,0,No touch detected...
52.058,0,No touch detected...
52.058,0,No touch detected...
52.058,0,No touch detected...
52.058,0,No touch detected...
52.260,0,No touch detected...
52.260,0,No touch detected...
52.260,0,No touch detected...
52.260,0,No touch detected...
52.462,0,No touch detected...
52.462,0,No touch detected...
52.462,0,No touch detected...
52.462,0,No touch detected...
52.663,0,No touch detected...
52.664,0,No touch detected...
52.664,0,No touch detected...
52.664,0,No touch detected...
52.866,0,No touch detected...
52.866,0,No touch detected...
52.866,0,No touch detected...
52.866,0,No touch detected...
53.070,0,No touch detected...
53.070,0,No touch detected...
53.070,0,No touch detected...
53.070,0,No touch detected...
53.272,0,No touch detected...
53.272,0,No touch detected...
53.272,0,No touch detected...
53.272,0,No touch detected...
53.475,0,No touch detected...
53.475,0,No touch detected...
53.475,0,No touch detected...
53.475,0,No touch detected...
53.677,0,No touch detected...
53.677,0,No touch detected...
53.677,0,No touch detected...
53.677,0,No touch detected...
53.880,0,No touch detected...
53.880,0,No touch detected...
53.880,0,No touch detected...
53.880,0,No touch detected...
54.083,0,No touch detected...
54.083,0,No touch detected...
54.083,0,No touch detected...
54.083,0,No touch detected...
54.288,0,No touch detected...
54.288,0,No touch detected...
54.288,0,No touch detected...
54.288,0,No touch detected...
54.493,0,No touch detected...
54.493,0,No touch detected...
54.493,0,No touch detected...
54.493,0,No touch detected...
54.699,0,No touch detected...
54.699,0,No touch detected...
54.699,0,No touch detected...
54.699,0,No touch detected...
54.901,0,No touch detected...
54.901,0,No touch detected...
54.901,0,No touch detected...
54.901,0,No touch detected...
55.102,0,No touch detected...
55.102,0,No touch detected...
55.102,0,No touch detected...
55.102,0,No touch detected...
55.102,0,No touch detected...
55.303,0,No touch detected...
55.303,0,No touch detected...
55.303,0,No touch detected...
55.303,0,No touch detected...
55.503,0,No touch detected...
55.503,0,No touch detected...
55.503,0,No touch detected...
55.503,0,No touch detected...
55.704,0,No touch detected...
55.704,0,No touch detected...
55.704,0,No touch detected...
55.704,0,No touch detected...
55.905,0,No touch detected...
55.905,0,No touch detected...
55.905,0,No touch detected...
55.905,0,No touch detected...
56.106,0,No touch detected...
56.106,0,No touch detected...
56.106,0,No touch detected...
56.106,0,No touch detected...
56.307,0,No touch detected...
56.307,0,No touch detected...
56.307,0,No touch detected...
56.307,0,No touch detected...
56.508,0,No touch detected...
56.508,0,No touch detected...
56.508,0,No touch detected...
56.508,0,No touch detected...
56.709,0,No touch detected...
56.709,0,No touch detected...
56.709,0,No touch detected...
56.709,0,No touch detected...
56.911,0,No touch detected...
56.911,0,No touch detected...
56.911,0,No touch detected...
56.911,0,No touch detected...
57.113,0,No touch detected...
57.113,0,No touch detected...
57.113,0,No touch detected...
57.113,0,No touch detected...
57.316,0,No touch detected...
57.316,0,No touch detected...
57.316,0,No touch detected...
57.316,0,No touch detected...
57.520,0,No touch detected...
57.520,0,No touch detected...
57.520,0,No touch detected...
57.520,0,No touch detected...
57.724,0,No touch detected...
57.724,0,No touch detected...
57.724,0,No touch detected...
57.724,0,No touch detected...
57.927,0,No touch detected...
57.927,0,No touch detected...
57.927,0,No touch detected...
57.927,0,No touch detected...
58.130,0,No touch detected...
58.130,0,No touch detected...
58.130,0,No touch detected...
58.130,0,No touch detected...
58.331,0,No touch detected...
58.331,0,No touch detected...
58.331,0,No touch detected...
58.331,0,No touch detected...
58.533,0,No touch detected...
58.533,0,No touch detected...
58.533,0,No touch detected...
58.533,0,No touch detected...
58.736,0,No touch detected...
58.736,0,No touch detected...
58.736,0,No touch detected...
58.736,0,No touch detected...
58.939,0,No touch detected...
58.939,0,No touch detected...
58.939,0,No touch detected...
58.939,0,No touch detected...
59.144,0,No touch detected...
59.144,0,No touch detected...
59.144,0,No touch detected...
59.144,0,No touch detected...
59.345,0,No touch detected...
59.345,0,No touch detected...
59.345,0,No touch detected...
59.345,0,No touch detected...
59.551,0,No touch detected...
59.551,0,No touch detected...
59.551,0,No touch detected...
59.551,0,No touch detected...
59.752,0,No touch detected...
59.752,0,No touch detected...
59.752,0,No touch detected...
59.752,0,No touch detected...
59.752,0,No touch detected...
59.952,0,No touch detected...
59.952,0,No touch detected...
59.952,0,No touch detected...
59.952,0,No touch detected...
60.153,0,No touch detected...
60.153,0,No touch detected...
60.153,0,No touch detected...
60.153,0,No touch detected...
60.353,0,No touch detected...
60.353,0,No touch detected...
60.353,0,No touch detected...
60.353,0,No touch detected...
60.554,0,No touch detected...
60.554,0,No touch detected...
60.554,0,No touch detected...
60.554,0,No touch detected...
60.754,0,No touch detected...
60.754,0,No touch detected...
60.754,0,No touch detected...
60.754,0,No touch detected...
60.956,0,No touch detected...
60.956,0,No touch detected...
60.956,0,No touch detected...
60.956,0,No touch detected...
61.156,0,No touch detected...
61.156,0,No touch detected...
61.156,0,No touch detected...
61.156,0,No touch detected...
61.358,0,No touch detected...
61.358,0,No touch detected...
61.358,0,No touch detected...
61.358,0,No touch detected...
61.559,0,No touch detected...
61.559,0,No touch detected...
61.559,0,No touch detected...
61.559,0,No touch detected...
61.760,0,No touch detected...
61.760,0,No touch detected...
61.760,0,No touch detected...
61.760,0,No touch detected...
61.961,0,No touch detected...
61.961,0,No touch detected...
61.961,0,No touch detected...
61.961,0,No touch detected...
62.163,0,No touch detected...
62.163,0,No touch detected...
62.163,0,No touch detected...
62.163,0,No touch detected...
62.365,0,No touch detected...
62.366,0,No touch detected...
62.366,0,No touch detected...
62.366,0,No touch detected...
62.569,0,No touch detected...
62.569,0,No touch detected...
62.569,0,No touch detected...
62.569,0,No touch detected...
62.771,0,No touch detected...
62.771,0,No touch detected...
62.771,0,No touch detected...
62.771,0,No touch detected...
62.975,0,No touch detected...
62.976,0,No touch detected...
62.976,0,No touch detected...
62.976,0,No touch detected...
63.181,0,No touch detected...
63.181,0,No touch detected...
63.181,0,No touch detected...
63.181,0,No touch detected...
63.384,0,No touch detected...
63.384,0,No touch detected...
63.384,0,No touch detected...
63.384,0,No touch detected...
63.589,0,No touch detected...
63.589,0,No touch detected...
63.589,0,No touch detected...
63.589,0,No touch detected...
63.794,0,No touch detected...
63.794,0,No touch detected...
63.794,0,No touch detected...
63.794,0,No touch detected...
63.996,0,No touch detected...
63.997,0,No touch detected...
63.997,0,No touch detected...
63.997,0,No touch detected...
64.202,0,No touch detected...
64.202,0,No touch detected...
64.202,0,No touch detected...
64.202,0,No touch detected...
64.402,0,No touch detected...
64.402,0,No touch detected...
64.402,0,No touch detected...
64.402,0,No touch detected...
64.402,0,No touch detected...
64.602,0,No touch detected...
64.602,0,No touch detected...
64.602,0,No touch detected...
64.603,0,No touch detected...
64.803,0,No touch detected...
64.803,0,No touch detected...
64.803,0,No touch detected...
64.803,0,No touch detected...
65.003,0,No touch detected...
65.003,0,No touch detected...
65.003,0,No touch detected...
65.003,0,No touch detected...
65.204,0,No touch detected...
65.204,0,No touch detected...
65.204,0,No touch detected...
65.204,0,No touch detected...
65.405,0,No touch detected...
65.405,0,No touch detected...
65.405,0,No touch detected...
65.405,0,No touch detected...
65.606,0,No touch detected...
65.606,0,No touch detected...
65.606,0,No touch detected...
65.606,0,No touch detected...
65.807,0,No touch detected...
65.808,0,No touch detected...
65.808,0,No touch detected...
65.808,0,No touch detected...
66.010,0,No touch detected...
66.010,0,No touch detected...
66.010,0,No touch detected...
66.010,0,No touch detected...
66.212,0,No touch detected...
66.212,0,No touch detected...
66.212,0,No touch detected...
66.212,0,No touch detected...
66.415,0,No touch detected...
66.415,0,No touch detected...
66.415,0,No touch detected...
66.415,0,No touch detected...
66.618,0,No touch detected...
66.618,0,No touch detected...
66.618,0,No touch detected...
66.618,0,No touch detected...
66.822,0,No touch detected...
66.822,0,No touch detected...
66.822,0,No touch detected...
66.822,0,No touch detected...
67.027,0,No touch detected...
67.027,0,No touch detected...
67.027,0,No touch detected...
67.027,0,No touch detected...
67.232,0,No touch detected...
67.232,0,No touch detected...
67.232,0,No touch detected...
67.232,0,No touch detected...
67.436,0,No touch detected...
67.436,0,No touch detected...
67.436,0,No touch detected...
67.436,0,No touch detected...
67.641,0,No touch detected...
67.641,0,No touch detected...
67.641,0,No touch detected...
67.641,0,No touch detected...
67.842,0,No touch detected...
67.842,0,No touch detected...
67.842,0,No touch detected...
67.842,0,No touch detected...
68.047,0,No touch detected...
68.047,0,No touch detected...
68.047,0,No touch detected...
68.047,0,No touch detected...
68.251,0,No touch detected...
68.251,0,No touch detected...
68.251,0,No touch detected...
68.251,0,No touch detected...
68.452,0,No touch detected...
68.452,0,No touch detected...
68.452,0,No touch detected...
68.452,0,No touch detected...
68.452,0,No touch detected...
68.652,0,No touch detected...
68.652,0,No touch detected...
68.652,0,No touch detected...
68.652,0,No touch detected...
68.853,0,No touch detected...
68.853,0,No touch detected...
68.853,0,No touch detected...
68.853,0,No touch detected...
69.053,0,No touch detected...
69.053,0,No touch detected...
69.053,0,No touch detected...
69.053,0,No touch detected...
69.254,0,No touch detected...
69.254,0,No touch detected...
69.254,0,No touch detected...
69.254,0,No touch detected...
69.454,0,No touch detected...
69.454,0,No touch detected...
69.454,0,No touch detected...
69.454,0,No touch detected...
69.655,0,No touch detected...
69.655,0,No touch detected...
69.655,0,No touch detected...
69.655,0,No touch detected...
69.856,0,No touch detected...
69.856,0,No touch detected...
69.856,0,No touch detected...
69.856,0,No touch detected...
70.057,0,No touch detected...
70.057,0,No touch detected...
70.057,0,No touch detected...
70.057,0,No touch detected...
70.258,0,No touch detected...
70.259,0,No touch detected...
70.259,0,No touch detected...
70.259,0,No touch detected...
70.460,0,No touch detected...
70.460,0,No touch detected...
70.460,0,No touch detected...
70.460,0,No touch detected...
70.663,0,No touch detected...
70.663,0,No touch detected...
70.663,0,No touch detected...
70.663,0,No touch detected...
70.866,0,No touch detected...
70.866,0,No touch detected...
70.866,0,No touch detected...
70.866,0,No touch detected...
71.067,0,No touch detected...
71.067,0,No touch detected...
71.067,0,No touch detected...
71.067,0,No touch detected...
71.270,0,No touch detected...
71.270,0,No touch detected...
71.270,0,No touch detected...
71.270,0,No touch detected...
71.474,0,No touch detected...
71.475,0,No touch detected...
71.475,0,No touch detected...
71.475,0,No touch detected...
71.676,0,No touch detected...
71.676,0,No touch detected...
71.676,0,No touch detected...
71.676,0,No touch detected...
71.881,0,No touch detected...
71.881,0,No touch detected...
71.881,0,No touch detected...
71.881,0,No touch detected...
72.084,0,No touch detected...
72.084,0,No touch detected...
72.084,0,No touch detected...
72.084,0,No touch detected...
72.287,0,No touch detected...
72.287,0,No touch detected...
72.287,0,No touch detected...
72.287,0,No touch detected...
72.491,0,No touch detected...
72.491,0,No touch detected...
72.491,0,No touch detected...
72.491,0,No touch detected...
72.694,0,No touch detected...
72.694,0,No touch detected...
72.694,0,No touch detected...
72.694,0,No touch detected...
72.895,0,No touch detected...
72.895,0,No touch detected...
72.895,0,No touch detected...
72.895,0,No touch detected...
73.099,0,No touch detected...
73.099,0,No touch detected...
73.099,0,No touch detected...
73.100,0,No touch detected...
73.302,0,No touch detected...
73.302,0,No touch detected...
73.302,0,No touch detected...
73.302,0,No touch detected...
73.302,0,No touch detected...
73.502,0,No touch detected...
73.502,0,No touch detected...
73.502,0,No touch detected...
73.502,0,No touch detected...
73.703,0,No touch detected...
73.703,0,No touch detected...
73.703,0,No touch detected...
73.703,0,No touch detected...
73.903,0,No touch detected...
73.903,0,No touch detected...
73.903,0,No touch detected...
73.903,0,No touch detected...
74.104,0,No touch detected...
74.104,0,No touch detected...
74.104,0,No touch detected...
74.104,0,No touch detected...
74.304,0,No touch detected...
74.305,0,No touch detected...
74.305,0,No touch detected...
74.305,0,No touch detected...
74.505,0,No touch detected...
74.505,0,No touch detected...
74.505,0,No touch detected...
74.505,0,No touch detected...
74.707,0,No touch detected...
74.707,0,No touch detected...
74.707,0,No touch detected...
74.707,0,No touch detected...
74.908,0,No touch detected...
74.908,0,No touch detected...
74.908,0,No touch detected...
74.908,0,No touch detected...
75.109,0,No touch detected...
75.109,0,No touch detected...
75.109,0,No touch detected...
75.109,0,No touch detected...
75.311,0,No touch detected...
75.311,0,No touch detected...
75.311,0,No touch detected...
75.311,0,No touch detected...
75.514,0,No touch detected...
75.514,0,No touch detected...
75.514,0,No touch detected...
75.514,0,No touch detected...
75.717,0,No touch detected...
75.717,0,No touch detected...
75.717,0,No touch detected...
75.717,0,No touch detected...
75.921,0,No touch detected...
75.921,0,No touch detected...
75.921,0,No touch detected...
75.921,0,No touch detected...
76.124,0,No touch detected...
76.125,0,No touch detected...
76.125,0,No touch detected...
76.125,0,No touch detected...
76.330,0,No touch detected...
76.330,0,No touch detected...
76.330,0,No touch detected...
76.330,0,No touch detected...
76.532,0,No touch detected...
76.532,0,No touch detected...
76.532,0,No touch detected...
76.532,0,No touch detected...
76.735,0,No touch detected...
76.735,0,No touch detected...
76.735,0,No touch detected...
76.735,0,No touch detected...
76.939,0,No touch detected...
76.939,0,No touch detected...
76.939,0,No touch detected...
76.939,0,No touch detected...
77.141,0,No touch detected...
77.141,0,No touch detected...
77.141,0,No touch detected...
77.141,0,No touch detected...
77.343,0,No touch detected...
77.344,0,No touch detected...
77.344,0,No touch detected...
77.344,0,No touch detected...
77.549,0,No touch detected...
77.549,0,No touch detected...
77.549,0,No touch detected...
77.549,0,No touch detected...
77.751,0,No touch detected...
77.751,0,No touch detected...
77.751,0,No touch detected...
77.751,0,No touch detected...
77.952,0,No touch detected...
77.952,0,No touch detected...
77.952,0,No touch detected...
77.952,0,No touch detected...
77.952,0,No touch detected...
78.153,0,No touch detected...
78.153,0,No touch detected...
78.153,0,No touch detected...
78.153,0,No touch detected...
78.353,0,No touch detected...
78.353,0,No touch detected...
78.353,0,No touch detected...
78.353,0,No touch detected...
78.554,0,No touch detected...
78.554,0,No touch detected...
78.554,0,No touch detected...
78.554,0,No touch detected...
78.754,0,No touch detected...
78.754,0,No touch detected...
78.754,0,No touch detected...
78.754,0,No touch detected...
78.955,0,No touch detected...
78.955,0,No touch detected...
78.955,0,No touch detected...
78.955,0,No touch detected...
79.156,0,No touch detected...
79.156,0,No touch detected...
79.156,0,No touch detected...
79.156,0,No touch detected...
79.357,0,No touch detected...
79.357,0,No touch detected...
79.357,0,No touch detected...
79.357,0,No touch detected...
79.559,0,No touch detected...
79.559,0,No touch detected...
79.559,0,No touch detected...
79.559,0,No touch detected...
79.761,0,No touch detected...
79.761,0,No touch detected...
79.761,0,No touch detected...
79.761,0,No touch detected...
79.964,0,No touch detected...
79.964,0,No touch detected...
79.964,0,No touch detected...
79.964,0,No touch detected...
80.166,0,No touch detected...
80.166,0,No touch detected...
80.166,0,No touch detected...
80.166,0,No touch detected...
80.370,0,No touch detected...
80.370,0,No touch detected...
80.370,0,No touch detected...
80.370,0,No touch detected...
80.574,0,No touch detected...
80.574,0,No touch detected...
80.575,0,No touch detected...
80.575,0,No touch detected...
80.780,0,No touch detected...
80.780,0,No touch detected...
80.780,0,No touch detected...
80.780,0,No touch detected...
80.983,0,No touch detected...
80.983,0,No touch detected...
80.983,0,No touch detected...
80.983,0,No touch detected...
81.189,0,No touch detected...
81.189,0,No touch detected...
81.189,0,No touch detected...
81.189,0,No touch detected...
81.394,0,No touch detected...
81.394,0,No touch detected...
81.394,0,No touch detected...
81.394,0,No touch detected...
81.597,0,No touch detected...
81.597,0,No touch detected...
81.597,0,No touch detected...
81.597,0,No touch detected...
81.800,0,No touch detected...
81.800,0,No touch detected...
81.800,0,No touch detected...
81.800,0,No touch detected...
82.002,0,No touch detected...
82.002,0,No touch detected...
82.002,0,No touch detected...
82.002,0,No touch detected...
82.202,0,No touch detected...
82.202,0,No touch detected...
82.202,0,No touch detected...
82.202,0,No touch detected...
82.202,0,No touch detected...
82.403,0,No touch detected...
82.403,0,No touch detected...
82.403,0,No touch detected...
82.403,0,No touch detected...
82.603,0,No touch detected...
82.603,0,No touch detected...
82.603,0,No touch detected...
82.603,0,No touch detected...
82.804,0,No touch detected...
82.804,0,No touch detected...
82.804,0,No touch detected...
82.804,0,No touch detected...
83.004,0,No touch detected...
83.004,0,No touch detected...
83.004,0,No touch detected...
83.004,0,No touch detected...
83.205,0,No touch detected...
83.205,0,No touch detected...
83.205,0,No touch detected...
83.205,0,No touch detected...
83.406,0,No touch detected...
83.406,0,No touch detected...
83.406,0,No touch detected...
83.406,0,No touch detected...
83.608,0,No touch detected...
83.608,0,No touch detected...
83.608,0,No touch detected...
83.608,0,No touch detected...
83.809,0,No touch detected...
83.809,0,No touch detected...
83.809,0,No touch detected...
83.809,0,No touch detected...
84.011,0,No touch detected...
84.011,0,No touch detected...
84.011,0,No touch detected...
84.011,0,No touch detected...
84.212,0,No touch detected...
84.212,0,No touch detected...
84.212,0,No touch detected...
84.212,0,No touch detected...
84.414,0,No touch detected...
84.414,0,No touch detected...
84.414,0,No touch detected...
84.414,0,No touch detected...
84.618,0,No touch detected...
84.618,0,No touch detected...
84.618,0,No touch detected...
84.618,0,No touch detected...
84.822,0,No touch detected...
84.822,0,No touch detected...
84.822,0,No touch detected...
84.822,0,No touch detected...
85.027,0,No touch detected...
85.027,0,No touch detected...
85.027,0,No touch detected...
85.027,0,No touch detected...
85.232,0,No touch detected...
85.233,0,No touch detected...
85.233,0,No touch detected...
85.233,0,No touch detected...
85.438,0,No touch detected...
85.438,0,No touch detected...
85.438,0,No touch detected...
85.438,0,No touch detected...
85.643,0,No touch detected...
85.643,0,No touch detected...
85.643,0,No touch detected...
85.643,0,No touch detected...
85.848,0,No touch detected...
85.848,0,No touch detected...
85.849,0,No touch detected...
85.849,0,No touch detected...
86.051,0,No touch detected...
86.051,0,No touch detected...
86.051,0,No touch detected...
86.051,0,No touch detected...
86.252,0,No touch detected...
86.252,0,No touch detected...
86.252,0,No touch detected...
86.252,0,No touch detected...
86.252,0,No touch detected...
86.452,0,No touch detected...
86.453,0,No touch detected...
86.453,0,No touch detected...
86.453,0,No touch detected...
86.653,0,No touch detected...
86.653,0,No touch detected...
86.653,0,No touch detected...
86.653,0,No touch detected...
86.853,0,No touch detected...
86.853,0,No touch detected...
86.853,0,No touch detected...
86.853,0,No touch detected...
87.054,0,No touch detected...
87.054,0,No touch detected...
87.054,0,No touch detected...
87.054,0,No touch detected...
87.255,0,No touch detected...
87.255,0,No touch detected...
87.255,0,No touch detected...
87.255,0,No touch detected...
87.455,0,No touch detected...
87.455,0,No touch detected...
87.455,0,No touch detected...
87.455,0,No touch detected...
87.657,0,No touch detected...
87.657,0,No touch detected...
87.657,0,No touch detected...
87.657,0,No touch detected...
87.858,0,No touch detected...
87.858,0,No touch detected...
87.858,0,No touch detected...
87.858,0,No touch detected...
88.060,0,No touch detected...
88.060,0,No touch detected...
88.060,0,No touch detected...
88.060,0,No touch detected...
88.263,0,No touch detected...
88.263,0,No touch detected...
88.263,0,No touch detected...
88.263,0,No touch detected...
88.466,0,No touch detected...
88.466,0,No touch detected...
88.466,0,No touch detected...
88.466,0,No touch detected...
88.669,0,No touch detected...
88.669,0,No touch detected...
88.669,0,No touch detected...
88.669,0,No touch detected...
88.874,0,No touch detected...
88.874,0,No touch detected...
88.874,0,No touch detected...
88.874,0,No touch detected...
89.079,0,No touch detected...
89.079,0,No touch detected...
89.079,0,No touch detected...
89.079,0,No touch detected...
89.282,0,No touch detected...
89.282,0,No touch detected...
89.282,0,No touch detected...
89.282,0,No touch detected...
89.483,0,No touch detected...
89.483,0,No touch detected...
89.484,0,No touch detected...
89.484,0,No touch detected...
89.687,0,No touch detected...
89.687,0,No touch detected...
89.687,0,No touch detected...
89.687,0,No touch detected...
89.891,0,No touch detected...
89.891,0,No touch detected...
89.891,0,No touch detected...
89.891,0,No touch detected...
90.095,0,No touch detected...
90.095,0,No touch detected...
90.095,0,No touch detected...
90.095,0,No touch detected...
90.300,0,No touch detected...
90.300,0,No touch detected...
90.300,0,No touch detected...
90.300,0,No touch detected...
90.502,0,No touch detected...
90.502,0,No touch detected...
90.502,0,No touch detected...
90.502,0,No touch detected...
90.502,0,No touch detected...
90.703,0,No touch detected...
90.703,0,No touch detected...
90.703,0,No touch detected...
90.703,0,No touch detected...
90.903,0,No touch detected...
90.903,0,No touch detected...
90.903,0,No touch detected...
90.903,0,No touch detected...
91.103,0,No touch detected...
91.104,0,No touch detected...
91.104,0,No touch detected...
91.104,0,No touch detected...
91.305,0,No touch detected...
91.305,0,No touch detected...
91.305,0,No touch detected...
91.305,0,No touch detected...
91.506,0,No touch detected...
91.506,0,No touch detected...
91.506,0,No touch detected...
91.506,0,No touch detected...
91.707,0,No touch detected...
91.707,0,No touch detected...
91.707,0,No touch detected...
91.707,0,No touch detected...
91.908,0,No touch detected...
91.909,0,No touch detected...
91.909,0,No touch detected...
91.909,0,No touch detected...
92.110,0,No touch detected...
92.110,0,No touch detected...
92.111,0,No touch detected...
92.111,0,No touch detected...
92.312,0,No touch detected...
92.313,0,No touch detected...
92.313,0,No touch detected...
92.313,0,No touch detected...
92.515,0,No touch detected...
92.515,0,No touch detected...
92.515,0,No touch detected...
92.516,0,No touch detected...
92.717,0,No touch detected...
92.717,0,No touch detected...
92.717,0,No touch detected...
92.717,0,No touch detected...
92.918,0,No touch detected...
92.918,0,No touch detected...
92.918,0,No touch detected...
92.918,0,No touch detected...
93.120,0,No touch detected...
93.121,0,No touch detected...
93.121,0,No touch detected...
93.121,0,No touch detected...
93.323,0,No touch detected...
93.323,0,No touch detected...
93.323,0,No touch detected...
93.323,0,No touch detected...
93.525,0,No touch detected...
93.525,0,No touch detected...
93.525,0,No touch detected...
93.525,0,No touch detected...
93.727,0,No touch detected...
93.727,0,No touch detected...
93.727,0,No touch detected...
93.727,0,No touch detected...
93.930,0,No touch detected...
93.930,0,No touch detected...
93.930,0,No touch detected...
93.930,0,No touch detected...
94.132,0,No touch detected...
94.132,0,No touch detected...
94.132,0,No touch detected...
94.132,0,No touch detected...
94.337,0,No touch detected...
94.337,0,No touch detected...
94.337,0,No touch detected...
94.337,0,No touch detected...
94.541,0,No touch detected...
94.541,0,No touch detected...
94.541,0,No touch detected...
94.541,0,No touch detected...
94.743,0,No touch detected...
94.743,0,No touch detected...
94.743,0,No touch detected...
94.743,0,No touch detected...
94.948,0,No touch detected...
94.948,0,No touch detected...
94.948,0,No touch detected...
94.948,0,No touch detected...
95.151,0,No touch detected...
95.151,0,No touch detected...
95.151,0,No touch detected...
95.151,0,No touch detected...
95.352,0,No touch detected...
95.352,0,No touch detected...
95.352,0,No touch detected...
95.352,0,No touch detected...
95.352,0,No touch detected...
95.553,0,No touch detected...
95.553,0,No touch detected...
95.553,0,No touch detected...
95.553,0,No touch detected...
95.753,0,No touch detected...
95.753,0,No touch detected...
95.753,0,No touch detected...
95.753,0,No touch detected...
95.954,0,No touch detected...
95.954,0,No touch detected...
95.954,0,No touch detected...
95.954,0,No touch detected...
96.154,0,No touch detected...
96.154,0,No touch detected...
96.154,0,No touch detected...
96.154,0,No touch detected...
96.355,0,No touch detected...
96.355,0,No touch detected...
96.355,0,No touch detected...
96.356,0,No touch detected...
96.556,0,No touch detected...
96.557,0,No touch detected...
96.557,0,No touch detected...
96.557,0,No touch detected...
96.758,0,No touch detected...
96.758,0,No touch detected...
96.758,0,No touch detected...
96.758,0,No touch detected...
96.960,0,No touch detected...
96.960,0,No touch detected...
96.960,0,No touch detected...
96.960,0,No touch detected...
97.161,0,No touch detected...
97.161,0,No touch detected...
97.161,0,No touch detected...
97.161,0,No touch detected...
97.362,0,No touch detected...
97.362,0,No touch detected...
97.362,0,No touch detected...
97.362,0,No touch detected...
97.562,0,No touch detected...
97.562,0,No touch detected...
97.562,0,No touch detected...
97.562,0,No touch detected...
97.764,0,No touch detected...
97.764,0,No touch detected...
97.764,0,No touch detected...
97.764,0,No touch detected...
97.965,0,No touch detected...
97.965,0,No touch detected...
97.965,0,No touch detected...
97.965,0,No touch detected...
98.168,0,No touch detected...
98.168,0,No touch detected...
98.168,0,No touch detected...
98.168,0,No touch detected...
98.369,0,No touch detected...
98.369,0,No touch detected...
98.369,0,No touch detected...
98.369,0,No touch detected...
98.574,0,No touch detected...
98.574,0,No touch detected...
98.574,0,No touch detected...
98.574,0,No touch detected...
98.775,0,No touch detected...
98.775,0,No touch detected...
98.775,0,No touch detected...
98.775,0,No touch detected...
98.980,0,No touch detected...
98.980,0,No touch detected...
98.980,0,No touch detected...
98.980,0,No touch detected...
99.183,0,No touch detected...
99.184,0,No touch detected...
99.184,0,No touch detected...
99.184,0,No touch detected...
99.389,0,No touch detected...
99.389,0,No touch detected...
99.389,0,No touch detected...
99.389,0,No touch detected...
99.594,0,No touch detected...
99.594,0,No touch detected...
99.594,0,No touch detected...
99.594,0,No touch detected...
99.799,0,No touch detected...
99.799,0,No touch detected...
99.799,0,No touch detected...
99.799,0,No touch detected...
100.000,0,No touch detected...
100.000,0,No touch detected...
100.000,0,No touch detected...
100.000,0,No touch detected...
100.202,0,No touch detected...
100.202,0,No touch detected...
100.202,0,No touch detected...
100.202,0,No touch detected...
100.202,0,No touch detected...
100.402,0,No touch detected...
100.402,0,No touch detected...
100.403,0,No touch detected...
100.403,0,No touch detected...
100.603,0,No touch detected...
100.603,0,No touch detected...
100.603,0,No touch detected...
100.603,0,No touch detected...
100.803,0,No touch detected...
100.803,0,No touch detected...
100.803,0,No touch detected...
100.803,0,No touch detected...
101.004,0,No touch detected...
101.004,0,No touch detected...
101.004,0,No touch detected...
101.004,0,No touch detected...
101.205,0,No touch detected...
101.205,0,No touch detected...
101.205,0,No touch detected...
101.205,0,No touch detected...
101.406,0,No touch detected...
101.406,0,No touch detected...
101.407,0,No touch detected...
101.407,0,No touch detected...
101.608,0,No touch detected...
101.608,0,No touch detected...
101.608,0,No touch detected...
101.608,0,No touch detected...
101.809,0,No touch detected...
101.809,0,No touch detected...
101.810,0,No touch detected...
101.810,0,No touch detected...
102.010,0,No touch detected...
102.010,0,No touch detected...
102.010,0,No touch detected...
102.010,0,No touch detected...
102.213,0,No touch detected...
102.213,0,No touch detected...
102.213,0,No touch detected...
102.213,0,No touch detected...
102.416,0,No touch detected...
102.416,0,No touch detected...
102.416,0,No touch detected...
102.416,0,No touch detected...
102.617,0,No touch detected...
102.617,0,No touch detected...
102.618,0,No touch detected...
102.618,0,No touch detected...
102.822,0,No touch detected...
102.822,0,No touch detected...
102.822,0,No touch detected...
102.822,0,No touch detected...
103.027,0,No touch detected...
103.027,0,No touch detected...
103.027,0,No touch detected...
103.027,0,No touch detected...
103.232,0,No touch detected...
103.232,0,No touch detected...
103.232,0,No touch detected...
103.232,0,No touch detected...
103.433,0,No touch detected...
103.433,0,No touch detected...
103.433,0,No touch detected...
103.433,0,No touch detected...
103.638,0,No touch detected...
103.638,0,No touch detected...
103.638,0,No touch detected...
103.638,0,No touch detected...
103.843,0,No touch detected...
103.843,0,No touch detected...
103.843,0,No touch detected...
103.843,0,No touch detected...
104.046,0,No touch detected...
104.046,0,No touch detected...
104.046,0,No touch detected...
104.046,0,No touch detected...
104.251,0,No touch detected...
104.251,0,No touch detected...
104.251,0,No touch detected...
104.251,0,No touch detected...
104.452,0,No touch detected...
104.452,0,No touch detected...
104.452,0,No touch detected...
104.452,0,No touch detected...
104.452,0,No touch detected...
104.653,0,No touch detected...
104.653,0,No touch detected...
104.653,0,No touch detected...
104.653,0,No touch detected...
104.853,0,No touch detected...
104.853,0,No touch detected...
104.853,0,No touch detected...
104.853,0,No touch detected...
105.054,0,No touch detected...
105.054,0,No touch detected...
105.054,0,No touch detected...
105.054,0,No touch detected...
105.254,0,No touch detected...
105.254,0,No touch detected...
105.254,0,No touch detected...
105.254,0,No touch detected...
105.455,0,No touch detected...
105.455,0,No touch detected...
105.455,0,No touch detected...
105.455,0,No touch detected...
105.656,0,No touch detected...
105.656,0,No touch detected...
105.656,0,No touch detected...
105.656,0,No touch detected...
105.857,0,No touch detected...
105.857,0,No touch detected...
105.857,0,No touch detected...
105.857,0,No touch detected...
106.058,0,No touch detected...
106.058,0,No touch detected...
106.058,0,No touch detected...
106.058,0,No touch detected...
106.260,0,No touch detected...
106.260,0,No touch detected...
106.260,0,No touch detected...
106.260,0,No touch detected...
106.463,0,No touch detected...
106.463,0,No touch detected...
106.463,0,No touch detected...
106.463,0,No touch detected...
106.663,0,No touch detected...
106.663,0,No touch detected...
106.663,0,No touch detected...
106.663,0,No touch detected...
106.866,0,No touch detected...
106.866,0,No touch detected...
106.866,0,No touch detected...
106.866,0,No touch detected...
107.069,0,No touch detected...
107.069,0,No touch detected...
107.069,0,No touch detected...
107.069,0,No touch detected...
107.271,0,No touch detected...
107.271,0,No touch detected...
107.272,0,No touch detected...
107.272,0,No touch detected...
107.477,0,No touch detected...
107.477,0,No touch detected...
107.477,0,No touch detected...
107.477,0,No touch detected...
107.677,0,No touch detected...
107.677,0,No touch detected...
107.677,0,No touch detected...
107.677,0,No touch detected...
107.882,0,No touch detected...
107.883,0,No touch detected...
107.883,0,No touch detected...
107.883,0,No touch detected...
108.088,0,No touch detected...
108.088,0,No touch detected...
108.088,0,No touch detected...
108.088,0,No touch detected...
108.291,0,No touch detected...
108.291,0,No touch detected...
108.291,0,No touch detected...
108.291,0,No touch detected...
108.495,0,No touch detected...
108.495,0,No touch detected...
108.495,0,No touch detected...
108.495,0,No touch detected...
108.697,0,No touch detected...
108.697,0,No touch detected...
108.697,0,No touch detected...
108.697,0,No touch detected...
108.899,0,No touch detected...
108.899,0,No touch detected...
108.899,0,No touch detected...
108.899,0,No touch detected...
109.101,0,No touch detected...
109.101,0,No touch detected...
109.101,0,No touch detected...
109.101,0,No touch detected...
109.302,0,No touch detected...
109.302,0,No touch detected...
109.302,0,No touch detected...
109.302,0,No touch detected...
109.302,0,No touch detected...
109.503,0,No touch detected...
109.503,0,No touch detected...
109.503,0,No touch detected...
109.503,0,No touch detected...
109.703,0,No touch detected...
109.703,0,No touch detected...
109.703,0,No touch detected...
109.703,0,No touch detected...
109.904,0,No touch detected...
109.904,0,No touch detected...
109.904,0,No touch detected...
109.904,0,No touch detected...
110.104,0,No touch detected...
110.104,0,No touch detected...
110.104,0,No touch detected...
110.105,0,No touch detected...
110.305,0,No touch detected...
110.305,0,No touch detected...
110.305,0,No touch detected...
110.305,0,No touch detected...
110.506,0,No touch detected...
110.506,0,No touch detected...
110.506,0,No touch detected...
110.506,0,No touch detected...
110.708,0,No touch detected...
110.708,0,No touch detected...
110.708,0,No touch detected...
110.708,0,No touch detected...
110.909,0,No touch detected...
110.909,0,No touch detected...
110.910,0,No touch detected...
110.910,0,No touch detected...
111.112,0,No touch detected...
111.112,0,No touch detected...
111.112,0,No touch detected...
111.112,0,No touch detected...
111.314,0,No touch detected...
111.314,0,No touch detected...
111.314,0,No touch detected...
111.314,0,No touch detected...
111.518,0,No touch detected...
111.518,0,No touch detected...
111.518,0,No touch detected...
111.518,0,No touch detected...
111.723,0,No touch detected...
111.723,0,No touch detected...
111.723,0,No touch detected...
111.723,0,No touch detected...
111.927,0,No touch detected...
111.927,0,No touch detected...
111.927,0,No touch detected...
111.927,0,No touch detected...
112.132,0,No touch detected...
112.132,0,No touch detected...
112.132,0,No touch detected...
112.132,0,No touch detected...
112.337,0,No touch detected...
112.337,0,No touch detected...
112.337,0,No touch detected...
112.337,0,No touch detected...
112.542,0,No touch detected...
112.542,0,No touch detected...
112.543,0,No touch detected...
112.543,0,No touch detected...
112.748,0,No touch detected...
112.748,0,No touch detected...
112.748,0,No touch detected...
112.748,0,No touch detected...
112.952,0,No touch detected...
112.952,0,No touch detected...
112.952,0,No touch detected...
112.952,0,No touch detected...
112.952,0,No touch detected...
113.153,0,No touch detected...
113.153,0,No touch detected...
113.153,0,No touch detected...
113.153,0,No touch detected...
113.353,0,No touch detected...
113.353,0,No touch detected...
113.353,0,No touch detected...
113.353,0,No touch detected...
113.554,0,No touch detected...
113.554,0,No touch detected...
113.554,0,No touch detected...
113.554,0,No touch detected...
113.754,0,No touch detected...
113.754,0,No touch detected...
113.754,0,No touch detected...
113.754,0,No touch detected...
113.955,0,No touch detected...
113.955,0,No touch detected...
113.955,0,No touch detected...
113.955,0,No touch detected...
114.156,0,No touch detected...
114.156,0,No touch detected...
114.156,0,No touch detected...
114.156,0,No touch detected...
114.357,0,No touch detected...
114.357,0,No touch detected...
114.357,0,No touch detected...
114.357,0,No touch detected...
114.559,0,No touch detected...
114.559,0,No touch detected...
114.559,0,No touch detected...
114.559,0,No touch detected...
114.761,0,No touch detected...
114.761,0,No touch detected...
114.761,0,No touch detected...
114.761,0,No touch detected...
114.963,0,No touch detected...
114.963,0,No touch detected...
114.963,0,No touch detected...
114.963,0,No touch detected...
115.166,0,No touch detected...
115.166,0,No touch detected...
115.166,0,No touch detected...
115.166,0,No touch detected...
115.370,0,No touch detected...
115.370,0,No touch detected...
115.370,0,No touch detected...
115.370,0,No touch detected...
115.571,0,No touch detected...
115.571,0,No touch detected...
115.571,0,No touch detected...
115.571,0,No touch detected...
115.776,0,No touch detected...
115.776,0,No touch detected...
115.776,0,No touch detected...
115.776,0,No touch detected...
115.981,0,No touch detected...
115.981,0,No touch detected...
115.981,0,No touch detected...
115.981,0,No touch detected...
116.186,0,No touch detected...
116.186,0,No touch detected...
116.186,0,No touch detected...
116.186,0,No touch detected...
116.392,0,No touch detected...
116.392,0,No touch detected...
116.392,0,No touch detected...
116.392,0,No touch detected...
116.594,0,No touch detected...
116.594,0,No touch detected...
116.594,0,No touch detected...
116.594,0,No touch detected...
116.800,0,No touch detected...
116.800,0,No touch detected...
116.800,0,No touch detected...
116.800,0,No touch detected...
117.002,0,No touch detected...
117.002,0,No touch detected...
117.002,0,No touch detected...
117.002,0,No touch detected...
117.003,0,No touch detected...
117.203,0,No touch detected...
117.203,0,No touch detected...
117.203,0,No touch detected...
117.203,0,No touch detected...
117.403,0,No touch detected...
117.403,0,No touch detected...
117.403,0,No touch detected...
117.403,0,No touch detected...
117.603,0,No touch detected...
117.604,0,No touch detected...
117.604,0,No touch detected...
117.604,0,No touch detected...
117.804,0,No touch detected...
117.804,0,No touch detected...
117.804,0,No touch detected...
117.804,0,No touch detected...
118.005,0,No touch detected...
118.005,0,No touch detected...
118.005,0,No touch detected...
118.005,0,No touch detected...
118.205,0,No touch detected...
118.205,0,No touch detected...
118.205,0,No touch detected...
118.205,0,No touch detected...
118.406,0,No touch detected...
118.407,0,No touch detected...
118.407,0,No touch detected...
118.407,0,No touch detected...
118.608,0,No touch detected...
118.608,0,No touch detected...
118.608,0,No touch detected...
118.608,0,No touch detected...
118.810,0,No touch detected...
118.810,0,No touch detected...
118.810,0,No touch detected...
118.810,0,No touch detected...
119.012,0,No touch detected...
119.012,0,No touch detected...
119.012,0,No touch detected...
119.012,0,No touch detected...
119.214,0,No touch detected...
119.214,0,No touch detected...
119.214,0,No touch detected...
119.214,0,No touch detected...
119.417,0,No touch detected...
119.417,0,No touch detected...
119.417,0,No touch detected...
119.417,0,No touch detected...
119.620,0,No touch detected...
119.620,0,No touch detected...
119.620,0,No touch detected...
119.620,0,No touch detected...
119.825,0,No touch detected...
119.825,0,No touch detected...
119.825,0,No touch detected...
119.825,0,No touch detected...
120.030,0,No touch detected...
120.030,0,No touch detected...
120.030,0,No touch detected...
120.030,0,No touch detected...
120.235,0,No touch detected...
120.235,0,No touch detected...
120.235,0,No touch detected...
120.235,0,No touch detected...
120.440,0,No touch detected...
120.441,0,No touch detected...
120.441,0,No touch detected...
120.441,0,No touch detected...
120.646,0,No touch detected...
120.646,0,No touch detected...
120.646,0,No touch detected...
120.646,0,No touch detected...
120.850,0,No touch detected...
120.850,0,No touch detected...
120.850,0,No touch detected...
120.850,0,No touch detected...
121.052,0,No touch detected...
121.052,0,No touch detected...
121.052,0,No touch detected...
121.053,0,No touch detected...
121.053,0,No touch detected...
121.253,0,No touch detected...
121.253,0,No touch detected...
121.253,0,No touch detected...
121.253,0,No touch detected...
121.453,0,No touch detected...
121.453,0,No touch detected...
121.453,0,No touch detected...
121.453,0,No touch detected...
121.654,0,No touch detected...
121.654,0,No touch detected...
121.654,0,No touch detected...
121.654,0,No touch detected...
121.855,0,No touch detected...
121.855,0,No touch detected...
121.855,0,No touch detected...
121.855,0,No touch detected...
122.056,0,No touch detected...
122.056,0,No touch detected...
122.056,0,No touch detected...
122.056,0,No touch detected...
122.257,0,No touch detected...
122.257,0,No touch detected...
122.257,0,No touch detected...
122.257,0,No touch detected...
122.458,0,No touch detected...
122.458,0,No touch detected...
122.458,0,No touch detected...
122.458,0,No touch detected...
122.660,0,No touch detected...
122.660,0,No touch detected...
122.660,0,No touch detected...
122.660,0,No touch detected...
122.862,0,No touch detected...
122.862,0,No touch detected...
122.862,0,No touch detected...
122.862,0,No touch detected...
123.064,0,No touch detected...
123.064,0,No touch detected...
123.064,0,No touch detected...
123.064,0,No touch detected...
123.268,0,No touch detected...
123.268,0,No touch detected...
123.268,0,No touch detected...
123.268,0,No touch detected...
123.469,0,No touch detected...
123.469,0,No touch detected...
123.469,0,No touch detected...
123.469,0,No touch detected...
123.674,0,No touch detected...
123.674,0,No touch detected...
123.674,0,No touch detected...
123.674,0,No touch detected...
123.879,0,No touch detected...
123.879,0,No touch detected...
123.879,0,No touch detected...
123.879,0,No touch detected...
124.084,0,No touch detected...
124.084,0,No touch detected...
124.084,0,No touch detected...
124.084,0,No touch detected...
124.285,0,No touch detected...
124.285,0,No touch detected...
124.285,0,No touch detected...
124.285,0,No touch detected...
124.491,0,No touch detected...
124.491,0,No touch detected...
124.491,0,No touch detected...
124.491,0,No touch detected...
124.696,0,No touch detected...
124.696,0,No touch detected...
124.696,0,No touch detected...
124.696,0,No touch detected...
124.900,0,No touch detected...
124.900,0,No touch detected...
124.900,0,No touch detected...
124.900,0,No touch detected...
125.102,0,No touch detected...
125.102,0,No touch detected...
125.102,0,No touch detected...
125.102,0,No touch detected...
125.102,0,No touch detected...
125.303,0,No touch detected...
125.303,0,No touch detected...
125.303,0,No touch detected...
125.303,0,No touch detected...
125.503,0,No touch detected...
125.503,0,No touch detected...
125.503,0,No touch detected...
125.503,0,No touch detected...
125.703,0,No touch detected...
125.703,0,No touch detected...
125.703,0,No touch detected...
125.704,0,No touch detected...
125.904,0,No touch detected...
125.904,0,No touch detected...
125.904,0,No touch detected...
125.904,0,No touch detected...
126.105,0,No touch detected...
126.105,0,No touch detected...
126.105,0,No touch detected...
126.105,0,No touch detected...
126.305,0,No touch detected...
126.305,0,No touch detected...
126.306,0,No touch detected...
126.306,0,No touch detected...
126.506,0,No touch detected...
126.507,0,No touch detected...
126.507,0,No touch detected...
126.507,0,No touch detected...
126.708,0,No touch detected...
126.708,0,No touch detected...
126.708,0,No touch detected...
126.708,0,No touch detected...
126.910,0,No touch detected...
126.910,0,No touch detected...
126.910,0,No touch detected...
126.910,0,No touch detected...
127.112,0,No touch detected...
127.112,0,No touch detected...
127.112,0,No touch detected...
127.112,0,No touch detected...
127.313,0,No touch detected...
127.313,0,No touch detected...
127.313,0,No touch detected...
127.313,0,No touch detected...
127.516,0,No touch detected...
127.516,0,No touch detected...
127.516,0,No touch detected...
127.516,0,No touch detected...
127.719,0,No touch detected...
127.719,0,No touch detected...
127.719,0,No touch detected...
127.719,0,No touch detected...
127.920,0,No touch detected...
127.920,0,No touch detected...
127.920,0,No touch detected...
127.920,0,No touch detected...
128.124,0,No touch detected...
128.124,0,No touch detected...
128.124,0,No touch detected...
128.124,0,No touch detected...
128.329,0,No touch detected...
128.329,0,No touch detected...
128.330,0,No touch detected...
128.330,0,No touch detected...
128.531,0,No touch detected...
128.531,0,No touch detected...
128.531,0,No touch detected...
128.531,0,No touch detected...
128.737,0,No touch detected...
128.737,0,No touch detected...
128.737,0,No touch detected...
128.737,0,No touch detected...
128.942,0,No touch detected...
128.942,0,No touch detected...
128.942,0,No touch detected...
128.942,0,No touch detected...
129.146,0,No touch detected...
129.146,0,No touch detected...
129.146,0,No touch detected...
129.146,0,No touch detected...
129.347,0,No touch detected...
129.347,0,No touch detected...
129.347,0,No touch detected...
129.347,0,No touch detected...
129.552,0,No touch detected...
129.552,0,No touch detected...
129.552,0,No touch detected...
129.552,0,No touch detected...
129.752,0,No touch detected...
129.753,0,No touch detected...
129.753,0,No touch detected...
129.753,0,No touch detected...
129.753,0,No touch detected...
129.953,0,No touch detected...
129.953,0,No touch detected...
129.953,0,No touch detected...
129.953,0,No touch detected...
130.153,0,No touch detected...
130.153,0,No touch detected...
130.153,0,No touch detected...
130.153,0,No touch detected...
130.354,0,No touch detected...
130.354,0,No touch detected...
130.354,0,No touch detected...
130.354,0,No touch detected...
130.554,0,No touch detected...
130.555,0,No touch detected...
130.555,0,No touch detected...
130.555,0,No touch detected...
130.755,0,No touch detected...
130.756,0,No touch detected...
130.756,0,No touch detected...
130.756,0,No touch detected...
130.957,0,No touch detected...
130.957,0,No touch detected...
130.957,0,No touch detected...
130.957,0,No touch detected...
131.158,0,No touch detected...
131.158,0,No touch detected...
131.158,0,No touch detected...
131.158,0,No touch detected...
131.360,0,No touch detected...
131.360,0,No touch detected...
131.360,0,No touch detected...
131.360,0,No touch detected...
131.562,0,No touch detected...
131.562,0,No touch detected...
131.562,0,No touch detected...
131.562,0,No touch detected...
131.765,0,No touch detected...
131.765,0,No touch detected...
131.765,0,No touch detected...
131.765,0,No touch detected...
131.968,0,No touch detected...
131.968,0,No touch detected...
131.968,0,No touch detected...
131.968,0,No touch detected...
132.173,0,No touch detected...
132.173,0,No touch detected...
132.173,0,No touch detected...
132.173,0,No touch detected...
132.378,0,No touch detected...
132.378,0,No touch detected...
132.378,0,No touch detected...
132.378,0,No touch detected...
132.583,0,No touch detected...
132.583,0,No touch detected...
132.583,0,No touch detected...
132.583,0,No touch detected...
132.787,0,No touch detected...
132.787,0,No touch detected...
132.787,0,No touch detected...
132.787,0,No touch detected...
132.993,0,No touch detected...
132.993,0,No touch detected...
132.993,0,No touch detected...
132.993,0,No touch detected...
133.198,0,No touch detected...
133.198,0,No touch detected...
133.198,0,No touch detected...
133.198,0,No touch detected...
133.400,0,No touch detected...
133.400,0,No touch detected...
133.400,0,No touch detected...
133.400,0,No touch detected...
133.602,0,No touch detected...
133.602,0,No touch detected...
133.603,0,No touch detected...
133.603,0,No touch detected...
133.603,0,No touch detected...
133.803,0,No touch detected...
133.803,0,No touch detected...
133.803,0,No touch detected...
133.803,0,No touch detected...
134.003,0,No touch detected...
134.003,0,No touch detected...
134.003,0,No touch detected...
134.003,0,No touch detected...
134.204,0,No touch detected...
134.204,0,No touch detected...
134.204,0,No touch detected...
134.204,0,No touch detected...
134.404,0,No touch detected...
134.404,0,No touch detected...
134.404,0,No touch detected...
134.404,0,No touch detected...
134.605,0,No touch detected...
134.605,0,No touch detected...
134.605,0,No touch detected...
134.605,0,No touch detected...
134.806,0,No touch detected...
134.806,0,No touch detected...
134.806,0,No touch detected...
134.806,0,No touch detected...
135.007,0,No touch detected...
135.007,0,No touch detected...
135.007,0,No touch detected...
135.007,0,No touch detected...
135.208,0,No touch detected...
135.208,0,No touch detected...
135.208,0,No touch detected...
135.208,0,No touch detected...
135.410,0,No touch detected...
135.410,0,No touch detected...
135.410,0,No touch detected...
135.410,0,No touch detected...
135.612,0,No touch detected...
135.612,0,No touch detected...
135.612,0,No touch detected...
135.612,0,No touch detected...
135.814,0,No touch detected...
135.814,0,No touch detected...
135.814,0,No touch detected...
135.814,0,No touch detected...
136.018,1,Touch detected!
136.018,1,Touch detected!
136.018,1,Touch detected!
136.018,1,Touch detected!
136.222,1,Touch detected!
136.222,1,Touch detected!
136.222,1,Touch detected!
136.222,1,Touch detected!
136.427,1,Touch detected!
136.427,1,Touch detected!
136.427,1,Touch detected!
136.427,1,Touch detected!
136.633,1,Touch detected!
136.633,1,Touch detected!
136.633,1,Touch detected!
136.633,1,Touch detected!
136.833,1,Touch detected!
136.834,1,Touch detected!
136.834,1,Touch detected!
136.834,1,Touch detected!
137.039,1,Touch detected!
137.039,1,Touch detected!
137.039,1,Touch detected!
137.039,1,Touch detected!
137.244,1,Touch detected!
137.244,1,Touch detected!
137.244,1,Touch detected!
137.244,1,Touch detected!
137.449,1,Touch detected!
137.449,1,Touch detected!
137.449,1,Touch detected!
137.449,1,Touch detected!
137.652,1,Touch detected!
137.652,1,Touch detected!
137.652,1,Touch detected!
137.652,1,Touch detected!
137.652,1,Touch detected!
137.852,1,Touch detected!
137.852,1,Touch detected!
137.852,1,Touch detected!
137.852,1,Touch detected!
138.053,1,Touch detected!
138.053,1,Touch detected!
138.053,1,Touch detected!
138.053,1,Touch detected!
138.253,1,Touch detected!
138.253,1,Touch detected!
138.253,0,No touch detected...
138.253,0,No touch detected...
138.453,0,No touch detected...
138.453,0,No touch detected...
138.453,0,No touch detected...
138.453,0,No touch detected...
138.654,0,No touch detected...
138.654,0,No touch detected...
138.654,0,No touch detected...
138.654,0,No touch detected...
138.854,0,No touch detected...
138.855,0,No touch detected...
138.855,0,No touch detected...
138.855,0,No touch detected...
139.055,0,No touch detected...
139.055,0,No touch detected...
139.055,0,No touch detected...
139.055,0,No touch detected...
139.256,0,No touch detected...
139.256,0,No touch detected...
139.256,0,No touch detected...
139.256,0,No touch detected...
139.458,0,No touch detected...
139.458,0,No touch detected...
139.458,0,No touch detected...
139.458,0,No touch detected...
139.659,0,No touch detected...
139.660,0,No touch detected...
139.660,0,No touch detected...
139.660,0,No touch detected...
139.860,0,No touch detected...
139.860,0,No touch detected...
139.860,0,No touch detected...
139.860,0,No touch detected...
140.061,0,No touch detected...
140.062,0,No touch detected...
140.062,0,No touch detected...
140.062,0,No touch detected...
140.264,0,No touch detected...
140.264,0,No touch detected...
140.264,0,No touch detected...
140.264,0,No touch detected...
140.466,0,No touch detected...
140.466,0,No touch detected...
140.466,0,No touch detected...
140.466,0,No touch detected...
140.668,0,No touch detected...
140.668,0,No touch detected...
140.668,0,No touch detected...
140.668,0,No touch detected...
140.870,0,No touch detected...
140.871,0,No touch detected...
140.871,0,No touch detected...
140.871,0,No touch detected...
141.075,1,Touch detected!
141.076,1,Touch detected!
141.076,1,Touch detected!
141.076,1,Touch detected!
141.281,1,Touch detected!
141.281,1,Touch detected!
141.281,1,Touch detected!
141.281,1,Touch detected!
141.485,1,Touch detected!
141.485,1,Touch detected!
141.485,1,Touch detected!
141.485,1,Touch detected!
141.691,1,Touch detected!
141.691,1,Touch detected!
141.691,1,Touch detected!
141.691,1,Touch detected!
141.896,1,Touch detected!
141.896,1,Touch detected!
141.896,1,Touch detected!
141.896,1,Touch detected!
142.101,1,Touch detected!
142.101,1,Touch detected!
142.101,1,Touch detected!
142.102,1,Touch detected!
142.302,1,Touch detected!
142.302,1,Touch detected!
142.302,1,Touch detected!
142.302,1,Touch detected!
142.302,1,Touch detected!
142.502,1,Touch detected!
142.502,1,Touch detected!
142.502,1,Touch detected!
142.502,1,Touch detected!
142.703,1,Touch detected!
142.703,1,Touch detected!
142.703,1,Touch detected!
142.703,1,Touch detected!
142.903,1,Touch detected!
142.903,1,Touch detected!
142.903,1,Touch detected!
142.903,1,Touch detected!
143.104,1,Touch detected!
143.104,1,Touch detected!
143.104,1,Touch detected!
143.104,1,Touch detected!
143.305,1,Touch detected!
143.305,0,No touch detected...
143.305,0,No touch detected...
143.305,0,No touch detected...
143.505,0,No touch detected...
143.506,0,No touch detected...
143.506,0,No touch detected...
143.506,0,No touch detected...
143.707,0,No touch detected...
143.707,0,No touch detected...
143.707,0,No touch detected...
143.707,0,No touch detected...
143.908,0,No touch detected...
143.908,0,No touch detected...
143.908,0,No touch detected...
143.908,0,No touch detected...
144.110,0,No touch detected...
144.110,0,No touch detected...
144.110,0,No touch detected...
144.110,0,No touch detected...
144.312,0,No touch detected...
144.312,0,No touch detected...
144.312,0,No touch detected...
144.312,0,No touch detected...
144.515,0,No touch detected...
144.515,0,No touch detected...
144.515,0,No touch detected...
144.515,0,No touch detected...
144.718,0,No touch detected...
144.718,0,No touch detected...
144.718,0,No touch detected...
144.718,0,No touch detected...
144.922,0,No touch detected...
144.922,0,No touch detected...
144.922,0,No touch detected...
144.922,0,No touch detected...
145.128,0,No touch detected...
145.128,0,No touch detected...
145.128,0,No touch detected...
145.128,0,No touch detected...
145.330,0,No touch detected...
145.330,0,No touch detected...
145.331,0,No touch detected...
145.331,0,No touch detected...
145.536,0,No touch detected...
145.536,0,No touch detected...
145.536,0,No touch detected...
145.536,0,No touch detected...
145.740,0,No touch detected...
145.740,0,No touch detected...
145.740,0,No touch detected...
145.740,0,No touch detected...
145.945,0,No touch detected...
145.945,0,No touch detected...
145.945,0,No touch detected...
145.945,0,No touch detected...
146.150,1,Touch detected!
146.150,1,Touch detected!
146.150,1,Touch detected!
146.150,1,Touch detected!
146.352,1,Touch detected!
146.352,1,Touch detected!
146.352,1,Touch detected!
146.352,1,Touch detected!
146.352,1,Touch detected!
146.552,1,Touch detected!
146.552,1,Touch detected!
146.552,1,Touch detected!
146.552,1,Touch detected!
146.753,1,Touch detected!
146.753,1,Touch detected!
146.753,1,Touch detected!
146.753,1,Touch detected!
146.954,1,Touch detected!
146.954,1,Touch detected!
146.954,1,Touch detected!
146.954,1,Touch detected!
147.155,1,Touch detected!
147.155,1,Touch detected!
147.155,1,Touch detected!
147.155,1,Touch detected!
147.356,1,Touch detected!
147.356,1,Touch detected!
147.356,1,Touch detected!
147.356,1,Touch detected!
147.557,1,Touch detected!
147.557,1,Touch detected!
147.557,1,Touch detected!
147.557,1,Touch detected!
147.758,1,Touch detected!
147.759,1,Touch detected!
147.759,1,Touch detected!
147.759,1,Touch detected!
147.960,1,Touch detected!
147.961,1,Touch detected!
147.961,1,Touch detected!
147.961,1,Touch detected!
148.162,1,Touch detected!
148.162,0,No touch detected...
148.162,0,No touch detected...
148.162,0,No touch detected...
148.365,0,No touch detected...
148.365,0,No touch detected...
148.365,0,No touch detected...
148.365,0,No touch detected...
148.567,0,No touch detected...
148.567,0,No touch detected...
148.567,0,No touch detected...
148.567,0,No touch detected...
148.771,0,No touch detected...
148.771,0,No touch detected...
148.771,0,No touch detected...
148.771,0,No touch detected...
148.975,0,No touch detected...
148.975,0,No touch detected...
148.975,0,No touch detected...
148.975,0,No touch detected...
149.177,0,No touch detected...
149.177,0,No touch detected...
149.177,0,No touch detected...
149.177,1,Touch detected!
149.383,1,Touch detected!
149.383,1,Touch detected!
149.383,1,Touch detected!
149.383,1,Touch detected!
149.588,1,Touch detected!
149.588,1,Touch detected!
149.588,1,Touch detected!
149.588,1,Touch detected!
149.788,1,Touch detected!
149.788,1,Touch detected!
149.788,1,Touch detected!
149.788,1,Touch detected!
149.993,1,Touch detected!
149.994,1,Touch detected!
149.994,1,Touch detected!
149.994,1,Touch detected!
150.199,1,Touch detected!
150.199,1,Touch detected!
150.199,1,Touch detected!
150.199,1,Touch detected!
150.402,1,Touch detected!
150.402,1,Touch detected!
150.402,1,Touch detected!
150.402,1,Touch detected!
150.402,1,Touch detected!
150.602,1,Touch detected!
150.603,1,Touch detected!
150.603,1,Touch detected!
150.603,1,Touch detected!
150.803,1,Touch detected!
150.803,1,Touch detected!
150.803,1,Touch detected!
150.803,1,Touch detected!
151.003,0,No touch detected...
151.003,0,No touch detected...
151.003,0,No touch detected...
151.003,0,No touch detected...
151.203,0,No touch detected...
151.204,0,No touch detected...
151.204,0,No touch detected...
151.204,0,No touch detected...
151.404,0,No touch detected...
151.404,0,No touch detected...
151.404,0,No touch detected...
151.404,0,No touch detected...
151.605,0,No touch detected...
151.605,0,No touch detected...
151.605,0,No touch detected...
151.605,0,No touch detected...
151.806,0,No touch detected...
151.806,0,No touch detected...
151.806,0,No touch detected...
151.806,0,No touch detected...
152.007,0,No touch detected...
152.007,0,No touch detected...
152.007,0,No touch detected...
152.007,0,No touch detected...
152.209,0,No touch detected...
152.209,0,No touch detected...
152.209,0,No touch detected...
152.209,0,No touch detected...
152.411,0,No touch detected...
152.411,0,No touch detected...
152.411,0,No touch detected...
152.411,0,No touch detected...
152.614,0,No touch detected...
152.614,0,No touch detected...
152.614,0,No touch detected...
152.614,0,No touch detected...
152.817,0,No touch detected...
152.817,0,No touch detected...
152.817,0,No touch detected...
152.817,0,No touch detected...
153.021,0,No touch detected...
153.021,0,No touch detected...
153.021,0,No touch detected...
153.021,0,No touch detected...
153.226,0,No touch detected...
153.226,0,No touch detected...
153.226,0,No touch detected...
153.226,0,No touch detected...
153.428,0,No touch detected...
153.428,0,No touch detected...
153.428,0,No touch detected...
153.428,0,No touch detected...
153.633,0,No touch detected...
153.633,0,No touch detected...
153.633,0,No touch detected...
153.633,0,No touch detected...
153.838,0,No touch detected...
153.839,0,No touch detected...
153.839,0,No touch detected...
153.839,0,No touch detected...
154.043,0,No touch detected...
154.043,0,No touch detected...
154.044,0,No touch detected...
154.044,0,No touch detected...
154.249,0,No touch detected...
154.249,0,No touch detected...
154.249,0,No touch detected...
154.249,0,No touch detected...
154.452,0,No touch detected...
154.453,0,No touch detected...
154.453,0,No touch detected...
154.453,0,No touch detected...
154.453,0,No touch detected...
154.653,0,No touch detected...
154.653,0,No touch detected...
154.653,0,No touch detected...
154.653,0,No touch detected...
154.853,0,No touch detected...
154.853,0,No touch detected...
154.853,0,No touch detected...
154.853,0,No touch detected...
155.054,0,No touch detected...
155.054,0,No touch detected...
155.054,0,No touch detected...
155.054,0,No touch detected...
155.254,0,No touch detected...
155.254,0,No touch detected...
155.254,0,No touch detected...
155.254,0,No touch detected...
155.455,0,No touch detected...
155.455,0,No touch detected...
155.455,0,No touch detected...
155.455,0,No touch detected...
155.656,0,No touch detected...
155.656,0,No touch detected...
155.656,0,No touch detected...
155.656,0,No touch detected...
155.857,0,No touch detected...
155.857,0,No touch detected...
155.857,0,No touch detected...
155.857,0,No touch detected...
156.058,0,No touch detected...
156.058,0,No touch detected...
156.058,0,No touch detected...
156.059,0,No touch detected...
156.260,0,No touch detected...
156.260,0,No touch detected...
156.260,0,No touch detected...
156.260,0,No touch detected...
156.461,0,No touch detected...
156.461,0,No touch detected...
156.461,0,No touch detected...
156.461,0,No touch detected...
156.663,0,No touch detected...
156.663,0,No touch detected...
156.663,0,No touch detected...
156.663,0,No touch detected...
156.866,0,No touch detected...
156.866,0,No touch detected...
156.866,0,No touch detected...
156.866,0,No touch detected...
157.068,0,No touch detected...
157.068,0,No touch detected...
157.068,0,No touch detected...
157.068,0,No touch detected...
157.272,0,No touch detected...
157.272,0,No touch detected...
157.272,0,No touch detected...
157.272,0,No touch detected...
157.474,0,No touch detected...
157.474,0,No touch detected...
157.475,0,No touch detected...
157.475,0,No touch detected...
157.675,0,No touch detected...
157.675,0,No touch detected...
157.675,0,No touch detected...
157.675,0,No touch detected...
157.880,0,No touch detected...
157.880,0,No touch detected...
157.880,0,No touch detected...
157.880,0,No touch detected...
158.083,0,No touch detected...
158.083,0,No touch detected...
158.083,0,No touch detected...
158.083,0,No touch detected...
158.288,0,No touch detected...
158.288,0,No touch detected...
158.288,0,No touch detected...
158.288,0,No touch detected...
158.494,0,No touch detected...
158.494,0,No touch detected...
158.494,0,No touch detected...
158.494,0,No touch detected...
158.699,0,No touch detected...
158.699,0,No touch detected...
158.699,0,No touch detected...
158.699,0,No touch detected...
158.901,0,No touch detected...
158.901,0,No touch detected...
158.901,0,No touch detected...
158.901,0,No touch detected...
159.102,0,No touch detected...
159.102,0,No touch detected...
159.102,0,No touch detected...
159.102,0,No touch detected...
159.303,0,No touch detected...
159.303,0,No touch detected...
159.303,0,No touch detected...
159.303,0,No touch detected...
159.303,0,No touch detected...
159.503,0,No touch detected...
159.503,0,No touch detected...
159.503,0,No touch detected...
159.503,0,No touch detected...
159.703,0,No touch detected...
159.703,0,No touch detected...
159.704,0,No touch detected...
159.704,0,No touch detected...
159.904,0,No touch detected...
159.904,0,No touch detected...
159.904,0,No touch detected...
159.904,0,No touch detected...
160.105,0,No touch detected...
160.105,0,No touch detected...
160.105,0,No touch detected...
160.105,0,No touch detected...
160.306,0,No touch detected...
160.306,0,No touch detected...
160.306,0,No touch detected...
160.306,0,No touch detected...
160.507,0,No touch detected...
160.507,0,No touch detected...
160.507,0,No touch detected...
160.507,0,No touch detected...
160.708,0,No touch detected...
160.708,0,No touch detected...
160.708,0,No touch detected...
160.708,0,No touch detected...
160.910,0,No touch detected...
160.910,0,No touch detected...
160.910,0,No touch detected...
160.910,0,No touch detected...
161.112,0,No touch detected...
161.112,0,No touch detected...
161.112,0,No touch detected...
161.112,0,No touch detected...
161.315,0,No touch detected...
161.315,0,No touch detected...
161.315,0,No touch detected...
161.315,0,No touch detected...
161.518,0,No touch detected...
161.518,0,No touch detected...
161.518,0,No touch detected...
161.518,0,No touch detected...
161.722,0,No touch detected...
161.722,0,No touch detected...
161.722,0,No touch detected...
161.722,0,No touch detected...
161.927,0,No touch detected...
161.927,0,No touch detected...
161.927,0,No touch detected...
161.927,0,No touch detected...
162.133,0,No touch detected...
162.133,0,No touch detected...
162.133,0,No touch detected...
162.133,0,No touch detected...
162.336,0,No touch detected...
162.336,0,No touch detected...
162.336,0,No touch detected...
162.336,0,No touch detected...
162.539,0,No touch detected...
162.539,0,No touch detected...
162.539,0,No touch detected...
162.539,0,No touch detected...
162.741,0,No touch detected...
162.741,0,No touch detected...
162.741,0,No touch detected...
162.741,0,No touch detected...
162.944,0,No touch detected...
162.944,0,No touch detected...
162.944,0,No touch detected...
162.944,0,No touch detected...
163.150,0,No touch detected...
163.150,0,No touch detected...
163.150,0,No touch detected...
163.150,0,No touch detected...
163.353,0,No touch detected...
163.353,0,No touch detected...
163.353,0,No touch detected...
163.353,0,No touch detected...
163.353,0,No touch detected...
163.553,0,No touch detected...
163.553,0,No touch detected...
163.553,0,No touch detected...
163.553,0,No touch detected...
163.754,0,No touch detected...
163.754,0,No touch detected...
163.754,0,No touch detected...
163.754,0,No touch detected...
163.954,0,No touch detected...
163.954,0,No touch detected...
163.954,0,No touch detected...
163.954,0,No touch detected...
164.155,0,No touch detected...
164.155,0,No touch detected...
164.155,0,No touch detected...
164.155,0,No touch detected...
164.356,0,No touch detected...
164.356,0,No touch detected...
164.356,0,No touch detected...
164.356,0,No touch detected...
164.557,0,No touch detected...
164.557,0,No touch detected...
164.557,0,No touch detected...
164.557,0,No touch detected...
164.759,0,No touch detected...
164.759,0,No touch detected...
164.759,0,No touch detected...
164.759,0,No touch detected...
164.961,0,No touch detected...
164.961,0,No touch detected...
164.961,0,No touch detected...
164.961,0,No touch detected...
165.163,0,No touch detected...
165.163,0,No touch detected...
165.163,0,No touch detected...
165.163,0,No touch detected...
165.366,0,No touch detected...
165.366,0,No touch detected...
165.366,0,No touch detected...
165.366,0,No touch detected...
165.568,0,No touch detected...
165.568,0,No touch detected...
165.568,0,No touch detected...
165.568,0,No touch detected...
165.773,0,No touch detected...
165.773,0,No touch detected...
165.773,0,No touch detected...
165.773,0,No touch detected...
165.978,0,No touch detected...
165.978,0,No touch detected...
165.978,0,No touch detected...
165.978,0,No touch detected...
166.179,0,No touch detected...
166.179,0,No touch detected...
166.179,0,No touch detected...
166.179,0,No touch detected...
166.384,0,No touch detected...
166.384,0,No touch detected...
166.384,0,No touch detected...
166.384,0,No touch detected...
166.584,0,No touch detected...
166.585,0,No touch detected...
166.585,0,No touch detected...
166.585,0,No touch detected...
166.790,0,No touch detected...
166.790,0,No touch detected...
166.790,0,No touch detected...
166.790,0,No touch detected...
166.995,0,No touch detected...
166.995,0,No touch detected...
166.995,0,No touch detected...
166.995,0,No touch detected...
167.201,0,No touch detected...
167.201,0,No touch detected...
167.201,0,No touch detected...
167.201,0,No touch detected...
167.402,0,No touch detected...
167.402,0,No touch detected...
167.402,0,No touch detected...
167.402,0,No touch detected...
167.603,0,No touch detected...
167.603,0,No touch detected...
167.603,0,No touch detected...
167.603,0,No touch detected...
167.603,0,No touch detected...
167.803,0,No touch detected...
167.803,0,No touch detected...
167.803,0,No touch detected...
167.803,0,No touch detected...
168.003,0,No touch detected...
168.003,0,No touch detected...
168.003,0,No touch detected...
168.003,0,No touch detected...
168.203,0,No touch detected...
168.203,0,No touch detected...
168.203,0,No touch detected...
168.203,0,No touch detected...
168.404,0,No touch detected...
168.404,0,No touch detected...
168.404,0,No touch detected...
168.404,0,No touch detected...
168.604,0,No touch detected...
168.604,0,No touch detected...
168.604,0,No touch detected...
168.604,0,No touch detected...
168.805,0,No touch detected...
168.805,0,No touch detected...
168.805,0,No touch detected...
168.805,0,No touch detected...
169.005,0,No touch detected...
169.005,0,No touch detected...
169.005,0,No touch detected...
169.005,0,No touch detected...
169.206,0,No touch detected...
169.206,0,No touch detected...
169.206,0,No touch detected...
169.206,0,No touch detected...
169.408,0,No touch detected...
169.408,0,No touch detected...
169.408,0,No touch detected...
169.408,0,No touch detected...
169.609,0,No touch detected...
169.609,0,No touch detected...
169.609,0,No touch detected...
169.609,0,No touch detected...
169.811,0,No touch detected...
169.811,0,No touch detected...
169.811,0,No touch detected...
169.811,0,No touch detected...
170.013,0,No touch detected...
170.013,0,No touch detected...
170.014,0,No touch detected...
170.014,0,No touch detected...
170.216,0,No touch detected...
170.216,0,No touch detected...
170.216,0,No touch detected...
170.216,0,No touch detected...
170.418,0,No touch detected...
170.418,0,No touch detected...
170.418,0,No touch detected...
170.418,0,No touch detected...
170.622,0,No touch detected...
170.622,0,No touch detected...
170.622,0,No touch detected...
170.622,0,No touch detected...
170.826,0,No touch detected...
170.826,0,No touch detected...
170.826,0,No touch detected...
170.826,0,No touch detected...
171.031,0,No touch detected...
171.031,0,No touch detected...
171.031,0,No touch detected...
171.031,0,No touch detected...
171.236,0,No touch detected...
171.236,0,No touch detected...
171.236,0,No touch detected...
171.236,0,No touch detected...
171.441,0,No touch detected...
171.441,0,No touch detected...
171.441,0,No touch detected...
171.441,0,No touch detected...
171.646,0,No touch detected...
171.646,0,No touch detected...
171.646,0,No touch detected...
171.646,0,No touch detected...
171.850,0,No touch detected...
171.850,0,No touch detected...
171.850,0,No touch detected...
171.850,0,No touch detected...
172.052,0,No touch detected...
172.052,0,No touch detected...
172.052,0,No touch detected...
172.053,0,No touch detected...
172.053,0,No touch detected...
172.253,0,No touch detected...
172.253,0,No touch detected...
172.253,0,No touch detected...
172.253,0,No touch detected...
172.454,0,No touch detected...
172.454,0,No touch detected...
172.454,0,No touch detected...
172.454,0,No touch detected...
172.654,0,No touch detected...
172.654,0,No touch detected...
172.654,0,No touch detected...
172.654,0,No touch detected...
172.855,0,No touch detected...
172.855,0,No touch detected...
172.855,0,No touch detected...
172.855,0,No touch detected...
173.056,0,No touch detected...
173.056,0,No touch detected...
173.056,0,No touch detected...
173.056,0,No touch detected...
173.257,0,No touch detected...
173.257,0,No touch detected...
173.257,0,No touch detected...
173.257,0,No touch detected...
173.458,0,No touch detected...
173.458,0,No touch detected...
173.458,0,No touch detected...
173.458,0,No touch detected...
173.660,0,No touch detected...
173.660,0,No touch detected...
173.660,0,No touch detected...
173.660,0,No touch detected...
173.862,0,No touch detected...
173.862,0,No touch detected...
173.862,0,No touch detected...
173.862,0,No touch detected...
174.064,0,No touch detected...
174.064,0,No touch detected...
174.064,0,No touch detected...
174.064,0,No touch detected...
174.267,0,No touch detected...
174.267,0,No touch detected...
174.267,0,No touch detected...
174.267,0,No touch detected...
174.471,0,No touch detected...
174.471,0,No touch detected...
174.471,0,No touch detected...
174.471,0,No touch detected...
174.676,0,No touch detected...
174.676,0,No touch detected...
174.676,0,No touch detected...
174.676,0,No touch detected...
174.881,0,No touch detected...
174.881,0,No touch detected...
174.881,0,No touch detected...
174.881,0,No touch detected...
175.082,0,No touch detected...
175.082,0,No touch detected...
175.082,0,No touch detected...
175.082,0,No touch detected...
175.287,0,No touch detected...
175.287,0,No touch detected...
175.287,0,No touch detected...
175.287,0,No touch detected...
175.491,0,No touch detected...
175.491,0,No touch detected...
175.491,0,No touch detected...
175.491,0,No touch detected...
175.697,0,No touch detected...
175.697,0,No touch detected...
175.697,0,No touch detected...
175.697,0,No touch detected...
175.900,0,No touch detected...
175.900,0,No touch detected...
175.900,0,No touch detected...
175.900,0,No touch detected...
176.101,0,No touch detected...
176.101,0,No touch detected...
176.101,0,No touch detected...
176.101,0,No touch detected...
176.303,0,No touch detected...
176.303,0,No touch detected...
176.303,0,No touch detected...
176.303,0,No touch detected...
176.303,0,No touch detected...
176.503,0,No touch detected...
176.503,0,No touch detected...
176.503,0,No touch detected...
176.503,0,No touch detected...
176.703,0,No touch detected...
176.703,0,No touch detected...
176.703,0,No touch detected...
176.703,0,No touch detected...
176.904,0,No touch detected...
176.904,0,No touch detected...
176.904,0,No touch detected...
176.904,0,No touch detected...
177.105,0,No touch detected...
177.105,0,No touch detected...
177.105,0,No touch detected...
177.105,0,No touch detected...
177.305,0,No touch detected...
177.306,0,No touch detected...
177.306,0,No touch detected...
177.306,0,No touch detected...
177.507,0,No touch detected...
177.507,0,No touch detected...
177.507,0,No touch detected...
177.507,0,No touch detected...
177.708,0,No touch detected...
177.708,0,No touch detected...
177.708,0,No touch detected...
177.708,0,No touch detected...
177.910,0,No touch detected...
177.910,0,No touch detected...
177.910,0,No touch detected...
177.910,0,No touch detected...
178.112,0,No touch detected...
178.112,0,No touch detected...
178.112,0,No touch detected...
178.112,0,No touch detected...
178.314,0,No touch detected...
178.314,0,No touch detected...
178.314,0,No touch detected...
178.314,0,No touch detected...
178.516,0,No touch detected...
178.516,0,No touch detected...
178.516,0,No touch detected...
178.516,0,No touch detected...
178.720,0,No touch detected...
178.720,0,No touch detected...
178.720,0,No touch detected...
178.720,0,No touch detected...
178.925,0,No touch detected...
178.925,0,No touch detected...
178.925,0,No touch detected...
178.925,0,No touch detected...
179.128,0,No touch detected...
179.128,0,No touch detected...
179.128,0,No touch detected...
179.128,0,No touch detected...
179.334,0,No touch detected...
179.334,0,No touch detected...
179.334,0,No touch detected...
179.334,0,No touch detected...
179.539,0,No touch detected...
179.539,0,No touch detected...
179.539,0,No touch detected...
179.539,0,No touch detected...
179.744,0,No touch detected...
179.744,0,No touch detected...
179.744,0,No touch detected...
179.744,0,No touch detected...
179.949,0,No touch detected...
179.950,0,No touch detected...
179.950,0,No touch detected...
179.950,0,No touch detected...
180.150,0,No touch detected...
180.150,0,No touch detected...
180.150,0,No touch detected...
180.150,0,No touch detected...
180.353,0,No touch detected...
180.353,0,No touch detected...
180.353,0,No touch detected...
180.353,0,No touch detected...
180.353,0,No touch detected...
180.553,0,No touch detected...
180.553,0,No touch detected...
180.553,0,No touch detected...
180.553,0,No touch detected...
180.753,0,No touch detected...
180.753,0,No touch detected...
180.753,0,No touch detected...
180.753,0,No touch detected...
180.954,0,No touch detected...
180.954,0,No touch detected...
180.954,0,No touch detected...
180.954,0,No touch detected...
181.155,0,No touch detected...
181.155,0,No touch detected...
181.155,0,No touch detected...
181.155,0,No touch detected...
181.355,0,No touch detected...
181.355,0,No touch detected...
181.355,0,No touch detected...
181.355,0,No touch detected...
181.556,0,No touch detected...
181.556,0,No touch detected...
181.556,0,No touch detected...
181.556,0,No touch detected...
181.757,0,No touch detected...
181.757,0,No touch detected...
181.757,0,No touch detected...
181.757,0,No touch detected...
181.958,0,No touch detected...
181.958,0,No touch detected...
181.958,0,No touch detected...
181.958,0,No touch detected...
182.159,0,No touch detected...
182.159,0,No touch detected...
182.159,0,No touch detected...
182.159,0,No touch detected...
182.362,0,No touch detected...
182.362,0,No touch detected...
182.362,0,No touch detected...
182.362,0,No touch detected...
182.565,0,No touch detected...
182.565,0,No touch detected...
182.565,0,No touch detected...
182.565,0,No touch detected...
182.765,0,No touch detected...
182.765,0,No touch detected...
182.765,0,No touch detected...
182.765,0,No touch detected...
182.967,0,No touch detected...
182.967,0,No touch detected...
182.967,0,No touch detected...
182.967,0,No touch detected...
183.171,0,No touch detected...
183.171,0,No touch detected...
183.171,0,No touch detected...
183.171,0,No touch detected...
183.375,0,No touch detected...
183.376,0,No touch detected...
183.376,0,No touch detected...
183.376,0,No touch detected...
183.581,0,No touch detected...
183.581,0,No touch detected...
183.581,0,No touch detected...
183.581,0,No touch detected...
183.786,0,No touch detected...
183.786,0,No touch detected...
183.786,0,No touch detected...
183.786,0,No touch detected...
183.991,0,No touch detected...
183.991,0,No touch detected...
183.991,0,No touch detected...
183.991,0,No touch detected...
184.197,0,No touch detected...
184.197,0,No touch detected...
184.197,0,No touch detected...
184.197,0,No touch detected...
184.402,0,No touch detected...
184.402,0,No touch detected...
184.402,0,No touch detected...
184.402,0,No touch detected...
184.603,0,No touch detected...
184.603,0,No touch detected...
184.603,0,No touch detected...
184.603,0,No touch detected...
184.603,0,No touch detected...
184.803,0,No touch detected...
184.803,0,No touch detected...
184.803,0,No touch detected...
184.803,0,No touch detected...
185.003,0,No touch detected...
185.003,0,No touch detected...
185.003,0,No touch detected...
185.003,0,No touch detected...
185.204,0,No touch detected...
185.204,0,No touch detected...
185.204,0,No touch detected...
185.204,0,No touch detected...
185.405,0,No touch detected...
185.405,0,No touch detected...
185.405,0,No touch detected...
185.405,0,No touch detected...
185.606,0,No touch detected...
185.606,0,No touch detected...
185.606,0,No touch detected...
185.606,0,No touch detected...
185.807,0,No touch detected...
185.807,0,No touch detected...
185.807,0,No touch detected...
185.807,0,No touch detected...
186.008,0,No touch detected...
186.008,0,No touch detected...
186.008,0,No touch detected...
186.008,0,No touch detected...
186.209,0,No touch detected...
186.209,0,No touch detected...
186.209,0,No touch detected...
186.209,0,No touch detected...
186.410,0,No touch detected...
186.410,0,No touch detected...
186.410,0,No touch detected...
186.410,0,No touch detected...
186.611,0,No touch detected...
186.611,0,No touch detected...
186.611,0,No touch detected...
186.611,0,No touch detected...
186.813,0,No touch detected...
186.813,0,No touch detected...
186.813,0,No touch detected...
186.813,0,No touch detected...
187.016,0,No touch detected...
187.016,0,No touch detected...
187.016,0,No touch detected...
187.016,0,No touch detected...
187.217,0,No touch detected...
187.217,0,No touch detected...
187.217,0,No touch detected...
187.217,0,No touch detected...
187.422,0,No touch detected...
187.422,0,No touch detected...
187.422,0,No touch detected...
187.422,0,No touch detected...
187.627,0,No touch detected...
187.627,0,No touch detected...
187.627,0,No touch detected...
187.627,0,No touch detected...
187.833,0,No touch detected...
187.833,0,No touch detected...
187.833,0,No touch detected...
187.833,0,No touch detected...
188.038,0,No touch detected...
188.038,0,No touch detected...
188.038,0,No touch detected...
188.038,0,No touch detected...
188.238,0,No touch detected...
188.238,0,No touch detected...
188.238,0,No touch detected...
188.238,0,No touch detected...
188.443,0,No touch detected...
188.443,0,No touch detected...
188.443,0,No touch detected...
188.443,0,No touch detected...
188.648,0,No touch detected...
188.648,0,No touch detected...
188.648,0,No touch detected...
188.648,0,No touch detected...
188.850,0,No touch detected...
188.850,0,No touch detected...
188.850,0,No touch detected...
188.850,0,No touch detected...
189.050,0,No touch detected...
189.050,0,No touch detected...
189.050,0,No touch detected...
189.050,0,No touch detected...
189.253,0,No touch detected...
189.253,0,No touch detected...
189.253,0,No touch detected...
189.253,0,No touch detected...
189.253,0,No touch detected...
189.453,0,No touch detected...
189.453,0,No touch detected...
189.453,0,No touch detected...
189.453,0,No touch detected...
189.653,0,No touch detected...
189.653,0,No touch detected...
189.653,0,No touch detected...
189.653,0,No touch detected...
189.854,0,No touch detected...
189.854,0,No touch detected...
189.854,0,No touch detected...
189.854,0,No touch detected...
190.054,0,No touch detected...
190.054,0,No touch detected...
190.054,0,No touch detected...
190.055,0,No touch detected...
190.255,0,No touch detected...
190.255,0,No touch detected...
190.255,0,No touch detected...
190.255,0,No touch detected...
190.456,0,No touch detected...
190.456,0,No touch detected...
190.456,0,No touch detected...
190.456,0,No touch detected...
190.658,0,No touch detected...
190.658,0,No touch detected...
190.658,0,No touch detected...
190.658,0,No touch detected...
190.859,0,No touch detected...
190.859,0,No touch detected...
190.860,0,No touch detected...
190.860,0,No touch detected...
191.061,0,No touch detected...
191.061,0,No touch detected...
191.061,0,No touch detected...
191.061,0,No touch detected...
191.262,0,No touch detected...
191.262,0,No touch detected...
191.262,0,No touch detected...
191.262,0,No touch detected...
191.465,0,No touch detected...
191.465,0,No touch detected...
191.465,0,No touch detected...
191.465,0,No touch detected...
191.666,0,No touch detected...
191.666,0,No touch detected...
191.666,0,No touch detected...
191.666,0,No touch detected...
191.870,0,No touch detected...
191.870,0,No touch detected...
191.870,0,No touch detected...
191.870,0,No touch detected...
192.071,0,No touch detected...
192.071,0,No touch detected...
192.071,0,No touch detected...
192.071,0,No touch detected...
192.276,0,No touch detected...
192.276,0,No touch detected...
192.276,0,No touch detected...
192.276,0,No touch detected...
192.479,0,No touch detected...
192.479,0,No touch detected...
192.479,0,No touch detected...
192.479,0,No touch detected...
192.683,0,No touch detected...
192.683,0,No touch detected...
192.683,0,No touch detected...
192.683,0,No touch detected...
192.883,0,No touch detected...
192.883,0,No touch detected...
192.883,0,No touch detected...
192.883,0,No touch detected...
193.089,0,No touch detected...
193.089,0,No touch detected...
193.089,0,No touch detected...
193.089,0,No touch detected...
193.294,0,No touch detected...
193.294,0,No touch detected...
193.294,0,No touch detected...
193.294,0,No touch detected...
193.499,0,No touch detected...
193.499,0,No touch detected...
193.499,0,No touch detected...
193.499,0,No touch detected...
193.699,0,No touch detected...
193.700,0,No touch detected...
193.700,0,No touch detected...
193.700,0,No touch detected...
193.903,0,No touch detected...
193.903,0,No touch detected...
193.903,0,No touch detected...
193.903,0,No touch detected...
193.903,0,No touch detected...
194.103,0,No touch detected...
194.103,0,No touch detected...
194.103,0,No touch detected...
194.103,0,No touch detected...
194.303,0,No touch detected...
194.303,0,No touch detected...
194.303,0,No touch detected...
194.303,0,No touch detected...
194.504,0,No touch detected...
194.504,0,No touch detected...
194.504,0,No touch detected...
194.504,0,No touch detected...
194.704,0,No touch detected...
194.704,0,No touch detected...
194.704,0,No touch detected...
194.704,0,No touch detected...
194.905,0,No touch detected...
194.905,0,No touch detected...
194.905,0,No touch detected...
194.905,0,No touch detected...
195.106,0,No touch detected...
195.106,0,No touch detected...
195.106,0,No touch detected...
195.106,0,No touch detected...
195.307,0,No touch detected...
195.307,0,No touch detected...
195.307,0,No touch detected...
195.307,0,No touch detected...
195.508,0,No touch detected...
195.508,0,No touch detected...
195.508,0,No touch detected...
195.508,0,No touch detected...
195.710,0,No touch detected...
195.710,0,No touch detected...
195.710,0,No touch detected...
195.710,0,No touch detected...
195.912,0,No touch detected...
195.912,0,No touch detected...
195.912,0,No touch detected...
195.912,0,No touch detected...
196.114,0,No touch detected...
196.114,0,No touch detected...
196.114,0,No touch detected...
196.114,0,No touch detected...
196.316,0,No touch detected...
196.316,0,No touch detected...
196.316,0,No touch detected...
196.316,0,No touch detected...
196.520,0,No touch detected...
196.520,0,No touch detected...
196.520,0,No touch detected...
196.520,0,No touch detected...
196.725,0,No touch detected...
196.725,0,No touch detected...
196.725,0,No touch detected...
196.725,0,No touch detected...
196.927,0,No touch detected...
196.927,0,No touch detected...
196.927,0,No touch detected...
196.927,0,No touch detected...
197.132,0,No touch detected...
197.132,0,No touch detected...
197.132,0,No touch detected...
197.132,0,No touch detected...
197.334,0,No touch detected...
197.334,0,No touch detected...
197.334,0,No touch detected...
197.334,0,No touch detected...
197.536,0,No touch detected...
197.536,0,No touch detected...
197.536,0,No touch detected...
197.536,0,No touch detected...
197.741,0,No touch detected...
197.741,0,No touch detected...
197.741,0,No touch detected...
197.741,0,No touch detected...
197.941,0,No touch detected...
197.941,0,No touch detected...
197.941,0,No touch detected...
197.941,0,No touch detected...
198.147,0,No touch detected...
198.147,0,No touch detected...
198.147,0,No touch detected...
198.147,0,No touch detected...
198.352,0,No touch detected...
198.352,0,No touch detected...
198.352,0,No touch detected...
198.352,0,No touch detected...
198.553,0,No touch detected...
198.553,0,No touch detected...
198.553,0,No touch detected...
198.553,0,No touch detected...
198.553,0,No touch detected...
198.753,0,No touch detected...
198.753,0,No touch detected...
198.753,0,No touch detected...
198.753,0,No touch detected...
198.953,0,No touch detected...
198.953,0,No touch detected...
198.953,0,No touch detected...
198.953,0,No touch detected...
199.154,0,No touch detected...
199.154,0,No touch detected...
199.154,0,No touch detected...
199.154,0,No touch detected...
199.354,0,No touch detected...
199.354,0,No touch detected...
199.354,0,No touch detected...
199.354,0,No touch detected...
199.555,0,No touch detected...
199.555,0,No touch detected...
199.555,0,No touch detected...
199.555,0,No touch detected...
199.756,0,No touch detected...
199.756,0,No touch detected...
199.756,0,No touch detected...
199.756,0,No touch detected...
199.957,0,No touch detected...
199.957,0,No touch detected...
199.957,0,No touch detected...
199.957,0,No touch detected...
200.158,0,No touch detected...
200.158,0,No touch detected...
200.158,0,No touch detected...
200.158,0,No touch detected...
200.359,0,No touch detected...
200.359,0,No touch detected...
200.360,0,No touch detected...
200.360,0,No touch detected...
200.561,0,No touch detected...
200.562,0,No touch detected...
200.562,0,No touch detected...
200.562,0,No touch detected...
200.763,0,No touch detected...
200.763,0,No touch detected...
200.763,0,No touch detected...
200.763,0,No touch detected...
200.966,0,No touch detected...
200.966,0,No touch detected...
200.966,0,No touch detected...
200.966,0,No touch detected...
201.169,0,No touch detected...
201.169,0,No touch detected...
201.169,0,No touch detected...
201.169,0,No touch detected...
201.371,0,No touch detected...
201.371,0,No touch detected...
201.371,0,No touch detected...
201.371,0,No touch detected...
201.576,0,No touch detected...
201.576,0,No touch detected...
201.576,0,No touch detected...
201.576,0,No touch detected...
201.782,0,No touch detected...
201.782,0,No touch detected...
201.782,0,No touch detected...
201.782,0,No touch detected...
201.987,0,No touch detected...
201.987,0,No touch detected...
201.987,0,No touch detected...
201.987,0,No touch detected...
202.192,0,No touch detected...
202.192,0,No touch detected...
202.192,0,No touch detected...
202.192,0,No touch detected...
202.397,0,No touch detected...
202.397,0,No touch detected...
202.398,0,No touch detected...
202.398,0,No touch detected...
202.600,0,No touch detected...
202.600,0,No touch detected...
202.600,0,No touch detected...
202.600,0,No touch detected...
202.803,0,No touch detected...
202.803,0,No touch detected...
202.803,0,No touch detected...
202.803,0,No touch detected...
202.803,0,No touch detected...
203.003,0,No touch detected...
203.003,0,No touch detected...
203.003,0,No touch detected...
203.003,0,No touch detected...
203.203,0,No touch detected...
203.203,0,No touch detected...
203.203,0,No touch detected...
203.203,0,No touch detected...
203.404,0,No touch detected...
203.404,0,No touch detected...
203.404,0,No touch detected...
203.404,0,No touch detected...
203.604,0,No touch detected...
203.604,0,No touch detected...
203.604,0,No touch detected...
203.604,0,No touch detected...
203.805,0,No touch detected...
203.805,0,No touch detected...
203.805,0,No touch detected...
203.805,0,No touch detected...
204.006,0,No touch detected...
204.006,0,No touch detected...
204.006,0,No touch detected...
204.006,0,No touch detected...
204.207,0,No touch detected...
204.207,0,No touch detected...
204.207,0,No touch detected...
204.207,0,No touch detected...
204.409,0,No touch detected...
204.409,0,No touch detected...
204.409,0,No touch detected...
204.409,0,No touch detected...
204.610,0,No touch detected...
204.610,0,No touch detected...
204.610,0,No touch detected...
204.610,0,No touch detected...
204.812,0,No touch detected...
204.812,0,No touch detected...
204.812,0,No touch detected...
204.812,0,No touch detected...
205.015,0,No touch detected...
205.015,0,No touch detected...
205.015,0,No touch detected...
205.015,0,No touch detected...
205.218,0,No touch detected...
205.218,0,No touch detected...
205.218,0,No touch detected...
205.218,0,No touch detected...
205.420,0,No touch detected...
205.420,0,No touch detected...
205.420,0,No touch detected...
205.420,0,No touch detected...
205.625,0,No touch detected...
205.625,0,No touch detected...
205.625,0,No touch detected...
205.625,0,No touch detected...
205.830,0,No touch detected...
205.830,0,No touch detected...
205.830,0,No touch detected...
205.830,0,No touch detected...
206.032,0,No touch detected...
206.032,0,No touch detected...
206.032,0,No touch detected...
206.032,0,No touch detected...
206.237,0,No touch detected...
206.237,0,No touch detected...
206.237,0,No touch detected...
206.237,0,No touch detected...
206.441,0,No touch detected...
206.441,0,No touch detected...
206.441,0,No touch detected...
206.442,0,No touch detected...
206.645,0,No touch detected...
206.645,0,No touch detected...
206.645,0,No touch detected...
206.645,0,No touch detected...
206.850,0,No touch detected...
206.850,0,No touch detected...
206.850,0,No touch detected...
206.850,0,No touch detected...
207.053,0,No touch detected...
207.053,0,No touch detected...
207.053,0,No touch detected...
207.053,0,No touch detected...
207.053,0,No touch detected...
207.253,0,No touch detected...
207.253,0,No touch detected...
207.253,0,No touch detected...
207.253,0,No touch detected...
207.453,0,No touch detected...
207.453,0,No touch detected...
207.453,0,No touch detected...
207.453,0,No touch detected...
207.654,0,No touch detected...
207.654,0,No touch detected...
207.654,0,No touch detected...
207.654,0,No touch detected...
207.855,0,No touch detected...
207.855,0,No touch detected...
207.855,0,No touch detected...
207.855,0,No touch detected...
208.056,0,No touch detected...
208.056,0,No touch detected...
208.056,0,No touch detected...
208.056,0,No touch detected...
